a,psi,df,lon,lat,mode,v,y,x,t
0.0,0.0,0,0.0,0.0,,0.0,0.0,0.0,1717659365.1745846
0.0028275962007329783,1.5922372820006467,-0.005235987964042448,78.12660331496033,17.602029204493828,,0.0018961411295834072,1957256.3461890717,8584995.019485276,1717659365.2750547
0.0064290571218945025,1.59223368543174,-0.005235987964042448,78.12660331545203,17.602029205637233,,0.002022144691536655,1957256.3463162126,8584995.019526044,1717659365.3753436
-0.003282009049630667,1.5922361002668328,-0.005235987964042448,78.12660331565938,17.60202920684561,,0.0021560557250979284,1957256.3464505782,8584995.019534811,1717659365.475662
0.011588848597030582,1.5922292291088693,-0.005235987964042448,78.12660331559427,17.60202920780758,,0.0022329656093339144,1957256.3465575443,8584995.0195165,1717659365.5759616
-0.007241298985961856,1.5922302501763212,-0.005235987964042448,78.12660331333608,17.602029206316793,,0.0018051751614738421,1957256.3463917763,8584995.019285649,1717659365.676228
0.0038528127107659124,1.5922408828962649,-0.005235987964042448,78.1266033113192,17.60202920475926,,0.001970978695078345,1957256.3462185862,8584995.019082088,1717659365.776421
-0.0011284044102938934,1.592238826819,-0.005235987964042448,78.12660330934514,17.60202920324314,,0.0016532539745445973,1957256.3460500017,8584995.018882753,1717659365.876646
0.1755846056441286,1.5921890855161998,-0.005235987964042448,78.12660330612198,17.60202920329204,,0.009719110288083815,1957256.3460554392,8584995.018528007,1717659365.9769313
0.19165980279417738,1.592166837213453,-0.005235987964042448,78.12660330427148,17.60202921798416,,0.029316515873040787,1957256.3476891282,8584995.018154245,1717659366.0772011
0.154275513500871,1.5923310537497546,-0.005235987964042448,78.12660330528648,17.60202924835455,,0.044602985232356174,1957256.3510661616,8584995.017913504,1717659366.1774771
0.14322924569814757,1.5922820770220092,-0.005235987964042448,78.12660330303856,17.602029293116004,,0.05955041329751317,1957256.3560434082,8584995.01714729,1717659366.2776742
0.14127556931745988,1.592256821310917,-0.005235987964042448,78.12660330137165,17.60202934964163,,0.07223423517081179,1957256.362328771,8584995.01630846,1717659366.3778815
0.1282546915181156,1.5923807082994514,-0.005235987964042448,78.12660330101724,17.60202941924154,,0.08659688841008553,1957256.3700679278,8584995.015462205,1717659366.4780924
0.134984525380961,1.59241360821005,-0.005235987964042448,78.12660329906852,17.602029499712287,,0.09742287029115346,1957256.3790158667,8584995.014314665,1717659366.5783834
0.09722194598249317,1.5923415801954333,-0.005235987964042448,78.12660329685008,17.602029593716633,,0.10933271437071809,1957256.389468673,8584995.0129805,1717659366.678588
0.08565879535316195,1.5923793036232858,-0.005235987964042448,78.12660329725635,17.602029697731776,,0.11908766696876388,1957256.4010346292,8584995.011818642,1717659366.7788818
0.15899820571982054,1.5924643083305128,-0.005235987964042448,78.1266032970798,17.602029811285558,,0.1320642715250405,1957256.4136612336,8584995.010482095,1717659366.879074
0.1080764395313605,1.5924349288423851,-0.005235987964042448,78.12660329552018,17.6020299361315,,0.1435041744693985,1957256.4275434692,8584995.008862589,1717659366.9792793
0.14818232847469878,1.5923803956002267,-0.005235987964042448,78.1266032941067,17.60203007223713,,0.15739713031668612,1957256.4426777246,8584995.007128537,1717659367.0796561
0.2508608803354958,1.5923965207157424,-0.005235987964042448,78.12660329353011,17.602030224085805,,0.17926054627746252,1957256.459562527,8584995.005303835,1717659367.179948
0.322296309808261,1.592365123296661,-0.005235987964042448,78.12660329291145,17.6020304003209,,0.2106291014309402,1957256.479158975,8584995.00319165,1717659367.2802262
0.4291895455555854,1.5922745611280194,-0.005235987964042448,78.12660329221805,17.602030607050974,,0.2485947013685354,1957256.5021463106,8584995.000717528,1717659367.3804557
0.7100182029672715,1.5921843523985633,-0.005235987964042448,78.126603291113,17.60203085977906,,0.31300550454874304,1957256.5302483917,8584994.997664627,1717659367.480733
1.012696614702411,1.5921174687000121,-0.005235987964042448,78.12660329062234,17.602031182239216,,0.40628084012796967,1957256.5661043252,8584994.993870394,1717659367.5809145
1.2477473023617638,1.5920621369577548,-0.005235987964042448,78.12660328350727,17.60203159125265,,0.5267351169551193,1957256.6115845437,8584994.988344274,1717659367.6812482
1.4135593441720748,1.5919951607592768,-0.005235987964042448,78.12660327666926,17.602032116437226,,0.6632688401199148,1957256.6699824042,8584994.981501095,1717659367.7815745
1.4845266528924532,1.5919402711124082,-0.005235987964042448,78.12660327213969,17.602032769475034,,0.8089300339523514,1957256.7425968957,8584994.97342857,1717659367.8819673
1.5846954735872232,1.5918153655228515,-0.005235987964042448,78.12660326927013,17.60203356127378,,0.968306128074534,1957256.8306408993,8584994.963928927,1717659367.982263
1.574453038938707,1.5917300054667276,-0.005235987964042448,78.12660326977993,17.602034495334042,,1.1236075767181501,1957256.9345036615,8584994.953150487,1717659368.0826283
1.6109621917199592,1.591649263522779,-0.005235987964042448,78.12660327158703,17.602035572458078,,1.284677204560535,1957257.0542743893,8584994.940855162,1717659368.1829855
1.5084366233250612,1.5914504773826783,-0.005235987964042448,78.12660327422387,17.60203679252729,,1.4378022192325983,1957257.189939896,8584994.926992944,1717659368.283287
1.4298865855150895,1.5912836317869647,-0.005235987964042448,78.1266032773838,17.602038149279227,,1.5861146171576435,1957257.340803828,8584994.911602778,1717659368.3835945
1.2336715459168428,1.591311394913678,-0.005235987964042448,78.126603282028,17.60203963117836,,1.714634758136875,1957257.5055834937,8584994.894924093,1717659368.483954
1.1382190427280694,1.5912925064603929,-0.005235987964042448,78.12660328967873,17.602041224292243,,1.8308493380338593,1957257.6827296747,8584994.877285765,1717659368.584332
1.0441786551721142,1.5910938577174942,-0.005235987964042448,78.12660327644056,17.602042922668687,,1.939579849803809,1957257.871580519,8584994.85613107,1717659368.6846573
0.9404612857485485,1.5909450435039147,-0.005235987964042448,78.1266032657266,17.602044711102966,,2.03165533201391,1957258.0704453373,8584994.834209135,1717659368.7849557
0.8513870945942685,1.5908525131491835,-0.005235987964042448,78.1266032582786,17.60204658213028,,2.120250334413177,1957258.2784940824,8584994.81168806,1717659368.8852673
0.7903625045422186,1.5906036029963735,-0.005235987964042448,78.12660324873586,17.60204852995411,,2.2019789276808446,1957258.4950822105,8584994.788046012,1717659368.9855459
0.746167299655311,1.5905572314020233,-0.005235987964042448,78.12660324504243,17.602050548668146,,2.2782606094928286,1957258.719552969,8584994.764224438,1717659369.0859904
0.6625139562955404,1.5906945687998437,-0.005235987964042448,78.1266032446013,17.60205263293714,,2.346044217219567,1957258.9513131075,8584994.73999985,1717659369.1863601
0.6861514577944366,1.59059840148793,-0.005235987964042448,78.12660324010967,17.60205477739341,,2.4123001772566672,1957259.1897657646,8584994.714632036,1717659369.286771
0.6413028874230479,1.5903677313412734,-0.005235987964042448,78.12660323519708,17.602056980231133,,2.475489746243325,1957259.4347101438,8584994.688540775,1717659369.3871002
0.6188927983688234,1.5903316113772377,-0.005235987964042448,78.12660323476013,17.602059240121378,,2.538227184937845,1957259.6859984738,8584994.662279546,1717659369.4875205
0.6728718368618175,1.5901899688397627,-0.005235987964042448,78.1266032366522,17.602061557288422,,2.602918699237566,1957259.9436556934,8584994.63560987,1717659369.5878348
0.6246839176586038,1.589781275631358,-0.005235987964042448,78.12660320828947,17.602063936545118,,2.664386862849922,1957260.208216967,8584994.604895422,1717659369.688412
0.6282455526631182,1.5895441175206617,-0.005235987964042448,78.12660318434347,17.602066371080735,,2.7257239833595057,1957260.4789249764,8584994.574025108,1717659369.78876
0.648162306008568,1.5896007115766508,-0.005235987964042448,78.12660316388711,17.60206886091081,,2.787079205059884,1957260.755781449,8584994.542896872,1717659369.8890848
0.6821818499500779,1.5896310998616832,-0.005235987964042448,78.12660314637353,17.602071406305285,,2.8500941207383512,1957261.038816401,8584994.51144749,1717659369.9893909
0.6136232573098496,1.5894912276413038,-0.005235987964042448,78.12660312661494,17.602074007691805,,2.9096318228626883,1957261.3280773843,8584994.47910194,1717659370.089915
0.6162926519183346,1.5891989287499655,-0.005235987964042448,78.12660310600461,17.602076662217474,,2.9689356495539747,1957261.6232471713,8584994.44604641,1717659370.1902604
0.6108492356764985,1.5891452762283818,-0.005235987964042448,78.12660309567728,17.602079371252692,,3.0289685616894824,1957261.9244781437,8584994.413488556,1717659370.2906065
0.5850483001144096,1.5889563441809758,-0.005235987964042448,78.12660308451213,17.60208213411983,,3.08748329462646,1957262.2316949524,8584994.380214218,1717659370.390909
0.605840990401082,1.5887552723346259,-0.005235987964042448,78.12660307935384,17.602084949677273,,3.145654403870099,1957262.5447706557,8584994.34698877,1717659370.4912255
0.6861165240747511,1.58874417770354,-0.005235987964042448,78.12660306489613,17.602087821035653,,3.209623666288393,1957262.8640511401,8584994.312094191,1717659370.5915313
0.6421657100065233,1.588812584199463,-0.005235987964042448,78.12660300474582,17.602090756482795,,3.2758806874640234,1957263.1904579697,8584994.271435255,1717659370.6917658
0.5650537097512757,1.5885639725194292,-0.005235987964042448,78.12660294503053,17.602093752937794,,3.3421866771531596,1957263.5236485635,8584994.23011646,1717659370.7920952
0.4839281008937925,1.588182372150837,-0.005235987964042448,78.12660288843642,17.602096801144622,,3.39271121768387,1957263.862593698,8584994.18854035,1717659370.8924148
0.537936623650342,1.5881936945191395,-0.005235987964042448,78.12660284544333,17.602099895545706,,3.4458863730798495,1957264.2066753998,8584994.147922965,1717659370.9927394
0.521377816009334,1.5883703121891388,-0.005235987964042448,78.12660280603815,17.602103036591355,,3.4992608446461384,1957264.5559437405,8584994.10715879,1717659371.09304
0.44488637319118896,1.5884918288330319,-0.005235987964042448,78.12660276637183,17.60210622553932,,3.5497250356027577,1957264.9105385751,8584994.065810274,1717659371.1936107
0.5120308585670944,1.5881078777873636,-0.005235987964042448,78.12660270355923,17.602110113263798,,3.6132448583533736,1957265.3428338135,8584994.013812944,1717659371.2947156
0.35346947982147614,1.5876950843737276,-0.005235987964042448,78.1266026466694,17.602113402258286,,3.65563441129523,1957265.7085533142,8584993.96941132,1717659371.3950212
0.5597761725341748,1.5876456192859276,-0.005235987964042448,78.12660260005522,17.60211674183984,,3.7209282660546474,1957266.07989784,8584993.925552057,1717659371.495378
0.46926469258811876,1.5878379073101554,-0.005235987964042448,78.12660256542166,17.602120130909256,,3.771621243880696,1957266.4567451652,8584993.882435258,1717659371.595663
0.41629462916883997,1.5875428487849073,-0.005235987964042448,78.12660253777719,17.602123565445815,,3.820171741535347,1957266.838648206,8584993.839559063,1717659371.695869
0.39458156868369937,1.587139541739763,-0.005235987964042448,78.12660250621026,17.602127042250423,,3.866198461862615,1957267.2252512395,8584993.795761554,1717659371.796078
0.4201107795288724,1.5869113422706889,-0.005235987964042448,78.12660247637577,17.602130562283733,,3.9156013204215916,1957267.6166610853,8584993.751652982,1717659371.8962722
0.22394907823816007,1.5867342539112226,-0.005235987964042448,78.12660245121172,17.60213412397152,,3.955925798523102,1957268.0127026972,8584993.707574451,1717659371.9965668
0.38600916155558523,1.5866279998067307,-0.005235987964042448,78.12660243105186,17.60213772414937,,4.003751792918697,1957268.413024209,8584993.663599338,1717659372.0967607
0.3658682722490142,1.5866157668417884,-0.005235987964042448,78.1266024148034,17.602141365466686,,4.047181272029766,1957268.8179202208,8584993.61957683,1717659372.1970303
0.39634023923012174,1.5862395981119857,-0.005235987964042448,78.12660239101324,17.60214504798367,,4.094875545506342,1957269.2273974267,8584993.5742477,1717659372.297315
0.22712650411165491,1.585655788780599,-0.005235987964042448,78.12660236689294,17.60214876637343,,4.12826368128388,1957269.6408635033,8584993.52846618,1717659372.3975952
0.37448528525885033,1.5853020654237042,-0.005235987964042448,78.12660235128962,17.60215251576248,,4.1673912978458185,1957270.057776544,8584993.483260972,1717659372.4980097
0.22896426035128128,1.5853550170708157,-0.005235987964042448,78.1266023353997,17.602156301199415,,4.203105400681097,1957270.4786979263,8584993.437606128,1717659372.5983803
0.24858429278263655,1.5851238284378883,-0.005235987964042448,78.12660230440474,17.602160116785342,,4.232844395542744,1957270.9029717236,8584993.389941739,1717659372.6986747
0.20796760945971096,1.5845336231104348,-0.005235987964042448,78.1266022674813,17.602163958395085,,4.258726307366703,1957271.330139237,8584993.341324024,1717659372.7990758
0.30060217910220033,1.5842364860997638,-0.005235987964042448,78.12660223130858,17.602167825108882,,4.290707084202353,1957271.7600981942,8584993.292497601,1717659372.8994033
0.2168619701906272,1.5844523404602828,-0.005235987964042448,78.12660220174907,17.60217171843262,,4.31664207811092,1957272.1930160413,8584993.244089205,1717659372.9997356
0.19197803957817103,1.5843284986304944,-0.0034906585560035243,78.12660217438008,17.602175631882695,,4.337478920059816,1957272.6281718353,8584993.195688052,1717659373.1000981
0.16951036402829045,1.5840973624003052,-0.0034906585560035243,78.12660214892826,17.6021795654294,,4.359292971691535,1957273.0655622727,8584993.147264449,1717659373.200401
0.1532027801612291,1.5840407295256869,-0.0034906585560035243,78.12660212635065,17.602183517107072,,4.378500684346801,1957273.5049687817,8584993.098946363,1717659373.300825
0.1313735089456662,1.5840187103650596,-0.0034906585560035243,78.12660209570319,17.602187482836154,,4.391654556835297,1957273.945937736,8584993.04957852,1717659373.4011242
0.2855486032415435,1.5838574491490442,-0.0034906585560035243,78.12660205272711,17.602191468233954,,4.421484080894749,1957274.389093752,8584992.998627778,1717659373.5015092
0.2845253143233386,1.583971201176345,-0.0034906585560035243,78.12660201620119,17.602195477940565,,4.449786388125369,1957274.8349527847,8584992.948103841,1717659373.6018155
0.19621496805734318,1.583774632224345,-0.0034906585560035243,78.12660197144345,17.602199506498742,,4.472446104671703,1957275.2829080157,8584992.896456668,1717659373.7022378
0.31789756461065666,1.5837493351703325,-0.0017453292780017621,78.12660193293365,17.602203552679363,,4.493952669235661,1957275.7328227728,8584992.845291631,1717659373.8025885
0.31848571703499323,1.5838877680347956,-0.0,78.12660189520552,17.602207623709834,,4.5238952416927365,1957276.1855007075,8584992.793924235,1717659373.902946
0.2694996040691525,1.5842370196848385,0.0,78.12660185238843,17.60221172210408,,4.553169686252008,1957276.6412213552,8584992.741680218,1717659374.0032926
0.24534522249173404,1.5847338317336526,0.0017453292780017621,78.12660180981459,17.60221584341707,,4.5749161816958965,1957277.0994904507,8584992.689197076,1717659374.103645
0.32011173835549983,1.5852314048238068,0.0017453292780017621,78.12660176471168,17.60221998640051,,4.603086388737447,1957277.5601691904,8584992.636184651,1717659374.2039344
0.3129096007148564,1.5860845228105322,0.0017453292780017621,78.126601720688,17.6022241564392,,4.63335556891637,1957278.0238563367,8584992.582976982,1717659374.3042958
0.3669013037216478,1.5866998745071745,0.0017453292780017621,78.12660167223606,17.60222835312286,,4.665084234827633,1957278.4905062683,8584992.52897363,1717659374.4045653
0.3729394090692784,1.5870853053041802,0.0017453292780017621,78.1266016178075,17.60223258277248,,4.705164437271404,1957278.9608218474,8584992.473931134,1717659374.5048544
0.34188960319668393,1.587948151777229,0.0017453292780017621,78.12660157201994,17.602236849073623,,4.741778676535684,1957279.4352128904,8584992.419413015,1717659374.6051264
0.2807635241430841,1.5888435970232537,0.0017453292780017621,78.12660153620851,17.602241153175232,,4.77464903676192,1957279.913807153,8584992.365552649,1717659374.7055492
0.37857626373294073,1.5893254274045567,0.0017453292780017621,78.12660149094599,17.602245487916274,,4.812374293421351,1957280.3958083652,8584992.310298335,1717659374.8060305
0.3442496491778412,1.5897275040215941,0.0017453292780017621,78.12660144086011,17.60224985824483,,4.851877253265944,1957280.881766728,8584992.254101193,1717659374.906388
0.4010937361760603,1.5904607353229192,0.0017453292780017621,78.126601396557,17.60225426460333,,4.892306377979323,1957281.3717314387,8584992.198121555,1717659375.0067773
0.3360393782866318,1.5912012144243608,0.0017453292780017621,78.12660134664209,17.60225870470704,,4.926483225443376,1957281.8654484448,8584992.14113382,1717659375.1072166
0.2443337599812438,1.591576836721699,0.0017453292780017621,78.12660128635497,17.602263174443223,,4.955014464206773,1957282.3624604319,8584992.082662595,1717659375.2076125
0.41183128832241545,1.5919241461522518,0.0017453292780017621,78.12660122590306,17.60226766977134,,4.988471533550103,1957282.862318112,8584992.023876397,1717659375.3080983
0.24478122231858418,1.592823478327162,0.0017453292780017621,78.12660117105234,17.602272194808215,,5.016937514162356,1957283.3654792553,8584991.965361072,1717659375.4084508
0.2888419854256007,1.5936199391990122,0.0017453292780017621,78.12660111163254,17.602276745264202,,5.045132844647669,1957283.871466875,8584991.906048805,1717659375.508792
0.29964535408524234,1.5938192666678717,0.0017453292780017621,78.1266010411295,17.602281318593903,,5.071743042271675,1957284.3799979356,8584991.845253317,1717659375.609129
0.2801947742380559,1.5944160797613387,0.0017453292780017621,78.1266009644687,17.60228590994376,,5.097271535070411,1957284.8905327462,8584991.783572137,1717659375.7094617
0.29926668301887127,1.5953643997029072,0.0017453292780017621,78.12660089499079,17.60229052397594,,5.121664806045104,1957285.4035897162,8584991.72241714,1717659375.8098927
0.33948153763194533,1.5955613416114156,0.0017453292780017621,78.12660081102491,17.602295163231663,,5.153903179121475,1957285.9194514158,8584991.659377528,1717659375.9101906
0.3217894657284632,1.5959278819330533,0.0017453292780017621,78.12660073511792,17.602299825228574,,5.1750873558391906,1957286.4378418203,8584991.596959671,1717659376.010634
0.29532877863311824,1.5968209224529568,0.0017453292780017621,78.12660066166522,17.60230450867348,,5.1988447630821435,1957286.958617133,8584991.534562707,1717659376.1109369
0.32375625677422276,1.5974811104347824,0.0017453292780017621,78.12660057021091,17.60230921253969,,5.222427517168881,1957287.4816631912,8584991.469950734,1717659376.2114809
0.3279232124575859,1.5978774750334264,0.0017453292780017621,78.12660047181791,17.602313936040115,,5.244097014665596,1957288.0068924746,8584991.404348535,1717659376.3117747
0.29139994744817116,1.5987036979573173,0.0017453292780017621,78.12660038144023,17.60231868126956,,5.269339616942597,1957288.5345379144,8584991.339375045,1717659376.4121437
0.19677718514345102,1.5996985161073898,0.0017453292780017621,78.12660028952608,17.602323447792976,,5.2886648627031,1957289.0645511362,8584991.273985708,1717659376.512442
0.17572093515488924,1.5997711092669284,0.0017453292780017621,78.12660018340442,17.602328229886933,,5.305647745632938,1957289.596295723,8584991.206854545,1717659376.6128159
0.2202940779889872,1.6000592869586967,0.0017453292780017621,78.12660008369603,17.602333026440885,,5.325136268252836,1957290.129648188,8584991.14026036,1717659376.713109
0.23015537686779639,1.6009967269269563,0.0017453292780017621,78.12659999004273,17.602337842718804,,5.348223779371433,1957290.6651938579,8584991.074102739,1717659376.8134906
0.32306616453375697,1.6015383801273213,0.0017453292780017621,78.12659986263228,17.60234364925031,,5.37804768785056,1957291.3108507027,8584990.992749218,1717659376.913802
0.2084794305856904,1.6018910809367402,0.0017453292780017621,78.12659975622434,17.602348511257986,,5.396794608309136,1957291.8514812896,8584990.92465957,1717659377.014206
0.16669104735830653,1.602637510861734,0.0017453292780017621,78.12659965054752,17.60235339095714,,5.415774741269405,1957292.394079079,8584990.856445037,1717659377.1144676
0.2557215149955002,1.6034046496135996,0.0017453292780017621,78.1265995394887,17.602358288692212,,5.436933135320305,1957292.938682371,8584990.787429871,1717659377.2147803
0.16440806248651346,1.603820240173861,0.0017453292780017621,78.12659942341523,17.602363202331112,,5.450964471014923,1957293.4850540878,8584990.717679178,1717659377.315054
0.19330233592622384,1.6044330908912219,0.0017453292780017621,78.1265993094825,17.60236813004913,,5.468392459617287,1957294.0329913315,8584990.648000393,1717659377.4153776
0.10886505851097644,1.6051683372156003,0.0017453292780017621,78.12659919224654,17.602373074012007,,5.48341233094859,1957294.5827349208,8584990.577770185,1717659377.5156436
-0.007637885841856147,1.605651609514677,0.0017453292780017621,78.12659906152982,17.602378027212964,,5.484990255956567,1957295.1335057383,8584990.505951457,1717659377.6159444
-0.10716561279567004,1.6060806095028397,0.0017453292780017621,78.12659892507448,17.60238298053184,,5.478440179417188,1957295.6842896668,8584990.433500757,1717659377.716202
-0.16660278070587006,1.606901029496946,0.0017453292780017621,78.12659879092452,17.602387924569733,,5.464560115946693,1957296.2340415982,8584990.361411024,1717659377.8165424
-0.2044078900271487,1.607646630538314,0.0017453292780017621,78.1265986549066,17.602392854473536,,5.446848961792476,1957296.7822218896,8584990.289279962,1717659377.9168441
-0.16789190120906572,1.6078751805608258,0.0017453292780017621,78.12659851117137,17.602397770020776,,5.432672391876743,1957297.3288058045,8584990.216467392,1717659378.0171454
-0.17395582529565848,1.6083600540981173,0.0,78.12659837250892,17.60240266971831,,5.413958354536335,1957297.873627312,8584990.144396083,1717659378.117418
-0.17401584882006083,1.6088876511389385,0.0,78.12659823099186,17.60240755314325,,5.396348617867321,1957298.4166393904,8584990.072199833,1717659378.2177787
-0.13918150080881914,1.6089839059223987,-0.0017453292780017621,78.12659808033031,17.602412420355957,,5.3791179002228535,1957298.9578487505,8584989.999186773,1717659378.318051
-0.16665408765701298,1.6086654500363782,-0.0034906585560035243,78.12659792192856,17.602417270567866,,5.359498708068569,1957299.497167708,8584989.92552036,1717659378.4183588
-0.14852856863992242,1.6085094145011034,-0.0034906585560035243,78.12659777286893,17.60242210483643,,5.342426714786803,1957300.0347138462,8584989.853065439,1717659378.5186644
-0.15781041754075043,1.6082405307457002,-0.0034906585560035243,78.12659763480292,17.602426925525293,,5.324382670404838,1957300.5707499904,8584989.78197606,1717659378.619061
-0.14131308730962167,1.6074461876714219,-0.008726646259971648,78.12659750392177,17.60243173125327,,5.305865368862429,1957301.1051225604,8584989.711849716,1717659378.7193701
-0.18123617355209387,1.6059717796347073,-0.010471975928084897,78.1265973698398,17.602436521913734,,5.2889868498461095,1957301.6378196992,8584989.641546411,1717659378.819691
-0.17688116915703292,1.6038848060518074,-0.012217304555900846,78.12659723471234,17.602441297606195,,5.271898328047495,1957302.168852472,8584989.57130183,1717659378.9199793
-0.20399726440654037,1.601463527948563,-0.012217304555900846,78.12659710508031,17.60244605516347,,5.250142552813693,1957302.697868704,8584989.501871463,1717659379.0202615
-0.22195013219913237,1.5992587153478324,-0.013962634224014097,78.12659699263622,17.602450794002316,,5.228886682483866,1957303.2248035423,8584989.434546916,1717659379.1205754
-0.20416619883402853,1.5971299188061963,-0.015707962851830046,78.12659689737265,17.602455514485804,,5.209210057736908,1957303.7496973576,8584989.36932316,1717659379.2208955
-0.2054077488261075,1.5936591779387825,-0.024434609111801692,78.12659680417902,17.602460218807064,,5.1909526749767245,1957304.2727940148,8584989.30451432,1717659379.3212137
-0.2111365262016559,1.58864735244547,-0.027925268448028194,78.12659671781027,17.602464906870484,,5.172482785236125,1957304.7940828828,8584989.240644012,1717659379.421538
-0.2247809614347995,1.582746337363858,-0.03665191262740524,78.12659665256548,17.60246957744636,,5.152422251030287,1957305.3134272248,8584989.179297753,1717659379.5219183
-0.1846433280388319,1.5757301184168018,-0.04188790371233959,78.12659663467598,17.602474242354926,,5.13553030779089,1957305.8321413905,8584989.123220883,1717659379.6222842
-0.2252448317508308,1.5669833286397896,-0.05235987755982989,78.12659667263242,17.60247890336349,,5.113848438796191,1957306.3504218962,8584989.073325904,1717659379.7225792
-0.1761111065006074,1.5567680078965331,-0.05759586448357504,78.12659675552406,17.602483543397096,,5.090975840366716,1957306.8663700924,8584989.028611945,1717659379.8232496
-0.204890803848686,1.5451714220930288,-0.06806784249225453,78.12659688201988,17.60248816336693,,5.070736854964654,1957307.3800872995,8584988.988922175,1717659379.9235306
-0.20696179381899626,1.5319041883920175,-0.07155849766729183,78.12659705699346,17.602492764311855,,5.052383754935262,1957307.8916890328,8584988.954780078,1717659380.0238607
-0.2566627049709407,1.5172165169233667,-0.08028514392726348,78.1265972895604,17.60249734370039,,5.029567191181328,1957308.4008938046,8584988.927216697,1717659380.124193
-0.28465259444480145,1.501980109551826,-0.08377580742467917,78.12659759911936,17.602501896836287,,5.003024408732472,1957308.9071794169,8584988.908418138,1717659380.2245543
-0.19320334702492042,1.4859514959749518,-0.08901179018723512,78.12659798091975,17.60250642253653,,4.982164168495405,1957309.4104143232,8584988.897876102,1717659380.3248656
-0.2846350349555998,1.468668994696583,-0.09250245368465083,78.12659842745236,17.602510924886694,,4.963193244108507,1957309.9110528198,8584988.894718042,1717659380.4251895
-0.2910655814894868,1.4509037166515206,-0.10122909994462248,78.12659895244673,17.602515397366794,,4.9345923139862515,1957310.4083699165,8584988.900528269,1717659380.5254846
-0.24272418083993164,1.4324411186708819,-0.10471975511965978,78.12659961039861,17.602519869890052,,4.913601231105277,1957310.9056918118,8584988.920948101,1717659380.6258197
-0.35212424770677736,1.4120266597048605,-0.11170107379211278,78.12660040771158,17.602524353782872,,4.893894776626313,1957311.4042779452,8584988.95654981,1717659380.726115
-0.2804058966210892,1.3909273667088708,-0.11344640137963143,78.12660129194003,17.60252880101306,,4.865854991675222,1957311.8987873797,8584989.002127541,1717659380.8263211
-0.3653373883012296,1.3703102661657578,-0.11344640137963143,78.1266022873613,17.602533204452417,,4.844775136755124,1957312.388427496,8584989.060431706,1717659380.9265876
0.03891559543627871,1.3492278957031019,-0.11344640137963143,78.12660336228782,17.602537564832566,,4.824383605206076,1957312.873279647,8584989.127971811,1717659381.0268264
-0.14215920551091765,1.3286198553721054,-0.11868239246456577,78.12660453581516,17.602541880531728,,4.800092258735993,1957313.3531634985,8584989.206864996,1717659381.1271205
-0.1449984217374914,1.3076084985331375,-0.12217304763960307,78.12660580010767,17.60254615642289,,4.783192672354072,1957313.8286209023,8584989.296193711,1717659381.227319
-0.24051233933286173,1.2844471533445638,-0.1308996938995747,78.12660713189544,17.602550393869354,,4.757794685956698,1957314.2998034514,8584989.393385116,1717659381.3276014
-0.15780203831132364,1.260621513350559,-0.13264502148709337,78.12660855697521,17.602554581882334,,4.739840038031348,1957314.7654892476,8584989.501401365,1717659381.427864
-0.18966465912272323,1.2366010647961376,-0.13788101257202773,78.12661008000737,17.602558719974326,,4.720805295369483,1957315.2256240828,8584989.620760227,1717659381.5281074
-0.11727566199819428,1.2120580725870846,-0.14137167606944342,78.12661175366713,17.602562836625737,,4.709317054536908,1957315.6833748345,8584989.756919583,1717659381.6284182
-0.1188539694560193,1.1869174357883079,-0.1518436415945553,78.12661358597029,17.60256693037025,,4.700674058042582,1957316.1385784554,8584989.910777263,1717659381.7287147
-0.07971563491707293,1.1607465920613222,-0.1553342967695926,78.12661551987487,17.602570971977546,,4.693800149873001,1957316.587984682,8584990.07640424,1717659381.8290617
-0.05389950896712774,1.1328310031681426,-0.16231562376442402,78.1266175454697,17.60257496384312,,4.685700216375105,1957317.031859882,8584990.252683625,1717659381.9293497
0.001534922226600812,1.1039303691223417,-0.16406094302956425,78.12661968069496,17.602578900784017,,4.688509091788214,1957317.4696277361,8584990.441646915,1717659382.0298095
-0.10298017643441273,1.0747871951472652,-0.16406094302956425,78.12662192955347,17.60258277614797,,4.682117282008462,1957317.9005485463,8584990.64381112,1717659382.1301003
-0.006947511674501301,1.0459711864361,-0.16406094302956425,78.12662430079524,17.602586579455796,,4.685133502523394,1957318.3234570813,8584990.860259298,1717659382.2304306
-0.13436497658989677,1.0166160714081185,-0.16406094302956425,78.12662676295544,17.602590327924634,,4.68368043609213,1957318.740267799,8584991.087334208,1717659382.3307545
-0.10592090044268475,0.987317158617599,-0.16406094302956425,78.12662932413282,17.602594010012933,,4.68038508829763,1957319.1496973368,8584991.32605966,1717659382.4310582
-0.06812554097192247,0.9595625809016521,-0.15882496858938672,78.12663200142546,17.60259761218962,,4.681053464142196,1957319.5502411094,8584991.578471443,1717659382.5313807
0.11072559547414158,0.9324257493954242,-0.15707963267948966,78.12663481822906,17.602601119658942,,4.673538273684531,1957319.9402539036,8584991.847312037,1717659382.631807
-0.26701794533174666,0.9060311797686502,-0.14835298641951802,78.12663774993428,17.602604519187874,,4.657878877358464,1957320.318264274,8584992.130030725,1717659382.7321281
-0.10040998454517733,0.8803051430637812,-0.14660765050962096,78.12664076443221,17.602607840679916,,4.652876436716458,1957320.6875973376,8584992.422752338,1717659382.832431
-0.2968979836541455,0.8559558947080905,-0.13788101257202773,78.12664388018257,17.602611068535126,,4.639158356962006,1957321.0465184608,8584992.72768628,1717659382.9327276
-0.2732187520405936,0.832044673731811,-0.134390349074612,78.12664705443487,17.602614226857813,,4.62880495059696,1957321.3977079205,8584993.039855292,1717659383.0329592
-0.19287993904808515,0.8091804585416744,-0.12740903872453743,78.12665028711108,17.60261731565039,,4.619366650415345,1957321.7411659847,8584993.359250765,1717659383.1332698
-0.2928845553289412,0.7869293063185294,-0.12391837522712172,78.12665357147425,17.602620333164577,,4.600601219068129,1957322.0766982534,8584993.685152693,1717659383.233622
-0.13974260961721435,0.7639270158723739,-0.11170107379211278,78.12665760388269,17.60262382035523,,4.581690530374761,1957322.464456162,8584994.087805899,1717659383.3344622
-0.16551801992628493,0.7461742691349573,-0.10471975511965978,78.1266610295989,17.602626629922785,,4.568229628611676,1957322.7768658204,8584994.431652587,1717659383.4348063
-0.24509991640199588,0.7321895976545738,-0.09250245368465083,78.1266644916493,17.60262938393962,,4.559193283644796,1957323.0830985203,8584994.780136246,1717659383.5350804
-0.16612571221878764,0.7136126019487947,-0.09075711777475377,78.12666792505048,17.602632035693162,,4.546048945907504,1957323.377960061,8584995.126657989,1717659383.6354847
-0.1557118178640995,0.6988968810895737,-0.08377580742467917,78.12667134301768,17.60263462093907,,4.535643744047319,1957323.66542629,8584995.472255215,1717659383.7358246
-0.1317896033709686,0.6848549852727577,-0.08203047151478213,78.1266747881898,17.6026371529547,,4.522532800666878,1957323.946973582,8584995.821459325,1717659383.8361804
-0.05080253523976902,0.6721202388305034,-0.08203047151478213,78.1266782740837,17.60263960662988,,4.507877595610377,1957324.2198098137,8584996.17604689,1717659383.9365158
-0.0957538337846487,0.6592635210926954,-0.08203047151478213,78.12668178520488,17.602642001789945,,4.491743190914472,1957324.4861394616,8584996.534085322,1717659384.0366921
0.032810459237158196,0.6452959936621587,-0.08203047151478213,78.12668530646673,17.60264436189015,,4.484818948801516,1957324.7485706306,8584996.893644745,1717659384.1369476
-0.17879215307570384,0.6313373451510986,-0.08028514392726348,78.12668884287977,17.60264668994239,,4.473837182797119,1957325.0074382287,8584997.25524081,1717659384.2372367
-0.11061386671246722,0.6185693838983539,-0.07853981633974483,78.12669241171031,17.602648952328916,,4.46357781555128,1957325.2590041326,8584997.621160787,1717659384.3375223
-0.16051808191306893,0.6062570820122342,-0.07679448875222618,78.12669600450765,17.6026511496652,,4.442902473812565,1957325.5033367793,8584997.99046893,1717659384.4377925
-0.2151687610786779,0.59407686216512,-0.06981317007977318,78.12669960912622,17.602653297642405,,4.426626790243888,1957325.742180947,8584998.361648604,1717659384.538048
-0.1615646809901911,0.5830427259746109,-0.06806784249225453,78.1267031346153,17.60265538945534,,4.409400201315533,1957325.974779933,8584998.724784572,1717659384.6384747
-0.16187522056265632,0.5721374022209575,-0.06283185140732019,78.12670661642525,17.602657448725417,,4.3974232857014455,1957326.2037603182,8584999.083498316,1717659384.7388477
-0.1887040063865766,0.5617321546942979,-0.061086523819801536,78.12671010404485,17.602659474801168,,4.380355051883202,1957326.4290496628,8584999.443235498,1717659384.8391314
-0.18030156367992062,0.5521671452007446,-0.05759586448357504,78.12671360498904,17.60266145026166,,4.361907508303189,1957326.6487108471,8584999.805023978,1717659384.9394045
-0.2602020323259546,0.5430549710106152,-0.05585053689605639,78.1267171120572,17.602663376989785,,4.335331663124132,1957326.8629532398,8585000.168050675,1717659385.0396202
-0.22085094153262733,0.5340689687314737,-0.05235987755982989,78.12672061823164,17.602665260849722,,4.310481600623426,1957327.072428907,8585000.53147642,1717659385.139963
-0.22012480248701236,0.5257047516886537,-0.05061454997231124,78.12672412627307,17.60266710117465,,4.28737349288287,1957327.2770637027,8585000.89561231,1717659385.240189
-0.20867829366933935,0.5177966568595127,-0.048869218223603385,78.12672763160181,17.60266890856655,,4.267021828156783,1957327.4780365122,8585001.259832125,1717659385.3404946
-0.25156827288216765,0.5102870044769481,-0.048869218223603385,78.12673113831868,17.60267067635496,,4.244336835978253,1957327.6746056152,8585001.624663861,1717659385.440751
-0.21931139542333347,0.5024409932409535,-0.048869218223603385,78.12673463393216,17.60267242144523,,4.220445247379154,1957327.8686507994,8585001.988538787,1717659385.5410242
-0.27111498827955127,0.49449509391245794,-0.048869218223603385,78.12673809343161,17.60267413205687,,4.194590858492812,1957328.058862135,8585002.348845238,1717659385.6413639
-0.17473555732252233,0.4869797808797771,-0.048869218223603385,78.12674154146403,17.60267580122508,,4.174203679859787,1957328.2444651718,8585002.70837236,1717659385.741642
-0.15045781315129228,0.47938903308046044,-0.048869218223603385,78.12674498616529,17.602677448244386,,4.161065311141824,1957328.4276053628,8585003.067790354,1717659385.8419156
-0.16205902601259867,0.47190227065516055,-0.048869218223603385,78.12674842968578,17.60267906982844,,4.143701006334649,1957328.6079172827,8585003.427373635,1717659385.9423137
-0.10512472709003591,0.46413292518596583,-0.048869218223603385,78.12675186819861,17.602680670567473,,4.12846183602178,1957328.7859113421,8585003.786648441,1717659386.0426142
-0.17259292171012086,0.4567925513564641,-0.048869218223603385,78.12675531199982,17.602682232363705,,4.1110945803315575,1957328.9595751595,8585004.146956088,1717659386.1430306
-0.018356649631069515,0.4498478494034761,-0.048869218223603385,78.12675876208222,17.60268375531943,,4.1022487687968825,1957329.1289201097,8585004.508404486,1717659386.2433681
-0.04652225590127346,0.44241948238173556,-0.048869218223603385,78.12676221737236,17.602685255653387,,4.094384021738382,1957329.295749634,8585004.870687542,1717659386.3437314
-0.08238358750480079,0.43441010410907,-0.05061454997231124,78.12676567930754,17.602686735380896,,4.089427035877132,1957329.4602878257,8585005.23393982,1717659386.4440362
-0.04014409534454016,0.42615319795179873,-0.05235987755982989,78.12676915058033,17.602688196427227,,4.092621580603181,1957329.6227487652,8585005.598434862,1717659386.5443168
-0.0328782457760978,0.4181288197611952,-0.05410520514734853,78.12677262796018,17.6026896453726,,4.086969760197951,1957329.7838641398,8585005.963741345,1717659386.6445916
0.03855068961970324,0.4096492546524537,-0.05410520514734853,78.12677612440444,17.60269106876082,,4.0899323390265225,1957329.9421376884,8585006.331439188,1717659386.7448907
0.16054546157066785,0.4009129999349894,-0.05410520514734853,78.12677963815354,17.60269246493386,,4.098553076818833,1957330.0973850472,8585006.701354269,1717659386.8451889
0.06426788871216606,0.3923766436824905,-0.05585053689605639,78.12678317024262,17.602693832861394,,4.100628685282526,1957330.249491649,8585007.073612288,1717659386.9454973
0.07473503800985831,0.38394331490024536,-0.05585053689605639,78.12678671707923,17.602695166444988,,4.097586286805215,1957330.397779379,8585007.447889227,1717659387.0457938
0.0785138651480672,0.3746055608219656,-0.05585053689605639,78.12679027347352,17.602696485632332,,4.1023614504508865,1957330.5444663193,8585007.82338341,1717659387.146111
0.08357729259322284,0.3654883601973835,-0.05759586448357504,78.1267938492585,17.60269777101823,,4.107090356378289,1957330.68739471,8585008.201400436,1717659387.246372
-0.10952892990099929,0.35674947656029454,-0.059341196232282886,78.12679744668303,17.602699022220378,,4.113385618251742,1957330.8265220409,8585008.582191857,1717659387.3467755
-0.006348859442834866,0.34740595272920416,-0.061086523819801536,78.12680105561674,17.602700243263154,,4.1107942922845755,1957330.9622958028,8585008.96459781,1717659387.4470387
-0.07259635852189132,0.33747873177057475,-0.06283185140732019,78.12680467471253,17.60270142895525,,4.1055428000898235,1957331.0941387482,8585009.348530488,1717659387.5473375
0.03727907533480904,0.3274525398222883,-0.06806784249225453,78.12680832419672,17.602702581782257,,4.105217901089088,1957331.2223272626,8585009.736183638,1717659387.647553
0.0049140323325647,0.31695932996721377,-0.06981317007977318,78.12681200288637,17.602703693894764,,4.104175801852047,1957331.3459885314,8585010.127518326,1717659387.7479727
-0.02173106942739665,0.3054101790948365,-0.07330382525481048,78.1268156925151,17.602704779727976,,4.107239567328211,1957331.4667276754,8585010.520359892,1717659387.8483202
-0.16369819591458828,0.2940046685091602,-0.07504916116470753,78.12681939619904,17.602705820887227,,4.103736536954462,1957331.5824993025,8585010.915264132,1717659387.948614
0.07014046451834202,0.2827978767795072,-0.07853981633974483,78.12682311646752,17.602706808899185,,4.111559400089428,1957331.6923612196,8585011.312607266,1717659388.0489664
0.11176139783866629,0.2699052405411577,-0.08203047151478213,78.12682685526633,17.602707768434357,,4.121921470227983,1957331.7990566627,8585011.71231694,1717659388.1493502
0.2842204891294397,0.25625497603782277,-0.08377580742467917,78.12683061848357,17.60270868928138,,4.142343847226279,1957331.9014501798,8585012.115158617,1717659388.249622
0.19622391203813744,0.24341114762972182,-0.08552113501219782,78.12683441513614,17.602709547898318,,4.1599764930884255,1957331.996924027,8585012.522396214,1717659388.349975
0.09638915131196962,0.23029788946103347,-0.08552113501219782,78.12683823980512,17.602710364637517,,4.1764885047959766,1957332.0877412825,8585012.93319818,1717659388.4502754
0.15555718071450006,0.21612084447484792,-0.08726646259971647,78.1268420871436,17.602711144585975,,4.191446191788684,1957332.174467594,8585013.346917959,1717659388.5507052
0.21699874277691994,0.20145073253520707,-0.08901179018723512,78.12684597989843,17.60271186147069,,4.211362257623004,1957332.2541815373,8585013.766359868,1717659388.6509295
0.19349230956572594,0.18726618739599443,-0.08901179018723512,78.12684991931903,17.602712513113783,,4.239613291952428,1957332.3266409433,8585014.191686457,1717659388.7513423
0.26017506679502295,0.17323029218940533,-0.08901179018723512,78.12685389644498,17.602713116428102,,4.273424384599921,1957332.3937264346,8585014.621716928,1717659388.8516448
0.29907184791709984,0.1588716428918735,-0.08901179018723512,78.12685790931208,17.602713670353413,,4.301910226324204,1957332.455320119,8585015.056247732,1717659388.9519913
0.22428591923732738,0.14396380134276,-0.08901179018723512,78.12686195458329,17.602714177701017,,4.327107721446049,1957332.5117345988,8585015.494879574,1717659389.0522602
0.27102241630385604,0.12968026842265168,-0.08901179018723512,78.12686603411427,17.602714618763038,,4.359101339692785,1957332.5607784577,8585015.93804497,1717659389.152583
0.40825286395973737,0.11295680517858386,-0.08901179018723512,78.12687097933158,17.602715074663905,,4.403420596541273,1957332.6114723212,8585016.476164682,1717659389.2532547
0.3140935819481836,0.10096860845158417,-0.08901179018723512,78.12687430897,17.60271534238323,,4.430291797284788,1957332.641241352,8585016.838938437,1717659389.3535643
0.35865070836540613,0.08209488781028185,-0.08901179018723512,78.12687935114285,17.602715681548393,,4.4780879172435775,1957332.678954797,8585017.389066273,1717659389.4541705
0.4384067436496702,0.06993071540540097,-0.08901179018723512,78.12688274290211,17.60271585672251,,4.506154543665986,1957332.6984332704,8585017.759739717,1717659389.554592
0.45185682459975285,0.05204268794269806,-0.08901179018723512,78.12688790298394,17.602716052724283,,4.5598751018899,1957332.720227673,8585018.324484719,1717659389.654907
0.4632449739891335,0.03636557307732735,-0.08901179018723512,78.12689225651891,17.602716157860897,,4.604338938827901,1957332.7319183312,8585018.801655864,1717659389.7551126
0.5006245061672021,0.020380176989421628,-0.08901179018723512,78.12689665452777,17.60271620781655,,4.652706829250044,1957332.7374731463,8585019.28435414,1717659389.8553815
0.37517932403451115,0.005340161150935607,-0.08901179018723512,78.12690109627391,17.602716167352106,,4.695426215387019,1957332.7329737055,8585019.772907365,1717659389.9557445
0.35483716298434564,-0.010008895397075168,-0.09250245368465083,78.12690557009057,17.602716046257058,,4.729993893472482,1957332.7195085506,8585020.26591998,1717659390.0560596
0.3504051431773519,-0.026559252151296064,-0.09424778127216947,78.12691007682507,17.60271586782015,,4.769310245977005,1957332.699667272,8585020.763214944,1717659390.1563282
0.43076212871731073,-0.04397992054992228,-0.09948376403472542,78.12691461529631,17.602715622633422,,4.808511041952849,1957332.6724037514,8585021.264771603,1717659390.256642
0.31912974691698004,-0.062255086947388794,-0.09948376403472542,78.12691918758382,17.602715318743744,,4.846314662088191,1957332.638612761,8585021.770725127,1717659390.356875
0.368770288406067,-0.08050917000658853,-0.10122909994462248,78.12692378479942,17.602714927153666,,4.883237789070188,1957332.595069931,8585022.280435193,1717659390.4571424
0.2580712082965623,-0.09494385473040845,-0.10297442753214113,78.12692747784818,17.60271453980713,,4.911660415927107,1957332.5519989613,8585022.690741142,1717659390.5575576
0.14647169618522576,-0.1182388171351767,-0.10471975511965978,78.12693304399107,17.602713872080752,,4.933146629464986,1957332.4777511756,8585023.310125478,1717659390.6583006
0.10471096827278867,-0.13783124824542092,-0.10471975511965978,78.12693768960423,17.6027132129331,,4.952186441071336,1957332.404457301,8585023.828257358,1717659390.7586484
0.160762013845246,-0.1569723165559065,-0.10471975511965978,78.12694234029985,17.60271246311009,,4.975841505000404,1957332.3210807864,8585024.347999543,1717659390.8589566
0.1682270040404203,-0.17592572054345545,-0.10471975511965978,78.12694699038988,17.602711615169934,,4.99378283764924,1957332.226794143,8585024.868813325,1717659390.9593482
0.19284572245139542,-0.19153905175588593,-0.10122909994462248,78.12695071290999,17.60271088601664,,5.0088871183421935,1957332.1457159962,8585025.286322642,1717659391.059639
0.15493212427980096,-0.21405198722265828,-0.09948376403472542,78.12695629226032,17.602709681860915,,5.030360529647817,1957332.0118199883,8585025.913380766,1717659391.1599917
0.20943316719089708,-0.2319242135664794,-0.09424778127216947,78.12696092888241,17.602708568683855,,5.045004271903394,1957331.8880403468,8585026.435791316,1717659391.2602956
0.14908265106638904,-0.24939428449608858,-0.09250245368465083,78.12696555989093,17.602707382837096,,5.060682679081057,1957331.7561802033,8585026.95842797,1717659391.3606312
-0.007876929042428989,-0.2665425080961401,-0.08901179018723512,78.12697017961392,17.6027061236514,,5.064255627209893,1957331.6161651423,8585027.480675222,1717659391.4609573
-0.06463743727955884,-0.2827728511752823,-0.08726646259971647,78.12697477479684,17.602704781191683,,5.063482936864806,1957331.4668904326,8585028.001191841,1717659391.5611455
0.05141639963865296,-0.29868699807800203,-0.08726646259971647,78.12697935754912,17.602703348587706,,5.068723084591051,1957331.3075921384,8585028.521388168,1717659391.661451
-0.1727961643576554,-0.3149277886504249,-0.08726646259971647,78.12698391596889,17.60270184624848,,5.060770417469651,1957331.140539638,8585029.039719619,1717659391.7618954
-0.09556738450597235,-0.33127727968507914,-0.08552113501219782,78.12698844350827,17.602700275378506,,5.056903306821287,1957330.965866867,8585029.555452706,1717659391.862202
-0.14657665491805597,-0.34723014741984004,-0.08552113501219782,78.1269929365227,17.60269862949314,,5.05237829565826,1957330.7828527642,8585030.06826216,1717659391.962475
-0.08408248329362945,-0.36361233628417056,-0.08552113501219782,78.1269973970206,17.602696922062524,,5.045603948214036,1957330.592995142,8585030.578212434,1717659392.0627937
-0.13292486655169697,-0.37988036198103314,-0.08552113501219782,78.12700182142397,17.602695153379443,,5.037165082276831,1957330.3963265568,8585031.08490695,1717659392.1631603
-0.09731538841817942,-0.3956416005752321,-0.08552113501219782,78.12700621117251,17.60269331582392,,5.034691245149561,1957330.191999705,8585031.588592313,1717659392.263511
-0.17785400291465675,-0.4110174171412284,-0.08552113501219782,78.12701056141613,17.602691405210596,,5.029672809211057,1957329.9795491968,8585032.08878411,1717659392.363859
-0.13489435026105215,-0.42662766728309043,-0.08552113501219782,78.12701487542085,17.60268943565245,,5.022648490292433,1957329.7605443231,8585032.585677523,1717659392.464169
-0.1361257527453472,-0.4423684888685786,-0.08552113501219782,78.12701915156865,17.60268740977527,,5.01405754011054,1957329.5352770588,8585033.079064293,1717659392.5644488
-0.07515472168784007,-0.4580378745370357,-0.08552113501219782,78.1270233619082,17.602685352529623,,5.0082794265369035,1957329.30652178,8585033.565583555,1717659392.6647098
-0.021454673796734883,-0.4740140072801329,-0.08552113501219782,78.12702752869829,17.60268324695572,,5.002657070372939,1957329.0723926444,8585034.047877956,1717659392.7649915
-0.14890202646087192,-0.48981080954898726,-0.08552113501219782,78.12703165750067,17.602681083299057,,4.9955718899613535,1957328.8318050003,8585034.526671804,1717659392.86525
-0.14478374332060745,-0.5056141676544019,-0.08552113501219782,78.12703574384533,17.602678863298067,,4.986071263062396,1957328.5849521533,8585035.001453744,1717659392.9655442
-0.12611708706073235,-0.5214485527559654,-0.08552113501219782,78.1270397840471,17.602676588702995,,4.973851812390749,1957328.332028721,8585035.471798524,1717659393.0658205
-0.16524299679353355,-0.5368537028643283,-0.08552113501219782,78.12704377206741,17.602674249911086,,4.961174398936875,1957328.071966926,8585035.937153984,1717659393.1662097
-0.18105619321041158,-0.5522809491834031,-0.08552113501219782,78.1270477104741,17.60267185283677,,4.953049030747317,1957327.8054244234,8585036.397733686,1717659393.266596
-0.1795593624054563,-0.5681143927959162,-0.08552113501219782,78.12705159186082,17.602669405301064,,4.928780035592983,1957327.5332708703,8585036.852633057,1717659393.3669894
-0.17601608201225846,-0.5840258047549485,-0.09075711777475377,78.1270554242847,17.602666917289284,,4.911634861413203,1957327.2566165829,8585037.30262163,1717659393.4673076
-0.21843518078460628,-0.6004940411321407,-0.09250245368465083,78.12705920736683,17.602664385220454,,4.8965259410581,1957326.975063375,8585037.747699307,1717659393.567594
-0.2993082697528227,-0.6174902883944,-0.09773843644720677,78.12706293823787,17.602661799788088,,4.875399292002455,1957326.6875764127,8585038.18765874,1717659393.667954
-0.20187847489315092,-0.6347217783293151,-0.09948376403472542,78.12706660448414,17.60265916386763,,4.852652072329776,1957326.394475431,8585038.621102495,1717659393.7682548
-0.3272292587790316,-0.6524508423521427,-0.09948376403472542,78.12707020239414,17.602656477793236,,4.826512771592997,1957326.0957975853,8585039.047618853,1717659393.8685462
-0.25223473087276577,-0.6706490078615954,-0.10122909994462248,78.12707373800275,17.602653751417535,,4.801544276518779,1957325.7926384395,8585039.46775667,1717659393.9688556
-0.3052842754145515,-0.6887470335299763,-0.10297442753214113,78.1270772004107,17.602650973046746,,4.780091717407646,1957325.4836977033,8585039.880453918,1717659394.0692918
-0.2148547909639905,-0.7075809004997393,-0.10646508270717842,78.12708059161403,17.60264814670099,,4.756895254886392,1957325.1694223944,8585040.285883302,1717659394.1696215
-0.3075776535515474,-0.7273372061013168,-0.11344640137963143,78.12708391737387,17.602645279678626,,4.734603335748012,1957324.8506240528,8585040.684593227,1717659394.2699246
-0.07942776191965757,-0.7474789698922377,-0.11693705655466871,78.127087178764,17.602642368487523,,4.722399388922086,1957324.5269143719,8585041.076742195,1717659394.370206
-0.1839700877100389,-0.7680375819310585,-0.12042772005208442,78.1270903762843,17.602639411428793,,4.7080334012550225,1957324.1981044433,8585041.46240484,1717659394.470494
-0.25792957784316645,-0.7888123940390965,-0.12217304763960307,78.12709348451989,17.602636387259906,,4.690967421592066,1957323.8618322057,8585041.839034842,1717659394.5707948
-0.2540568633969391,-0.8095927518177679,-0.12391837522712172,78.12709648561497,17.60263326830864,,4.671955577220707,1957323.5150206485,8585042.204991097,1717659394.6711855
-0.11885599974934391,-0.8309518252242332,-0.12566370281464037,78.1270994085182,17.602630092278602,,4.666489204692724,1957323.1618622213,8585042.563017292,1717659394.7713983
-0.2018639417398123,-0.8529399916129319,-0.12566370281464037,78.12710226688749,17.602626872608496,,4.655504554745187,1957322.8038512403,8585042.914458347,1717659394.8716102
-0.30140540606662936,-0.8749394436786568,-0.12566370281464037,78.12710505192214,17.602623609387948,,4.638538660698156,1957322.4409976704,8585043.258346152,1717659394.971895
-0.12899080552570585,-0.8961090390766739,-0.12566370281464037,78.12710773960102,17.602620287461146,,4.628002759562537,1957322.0716162636,8585043.592216937,1717659395.0722268
-0.2027759224075246,-0.9174736491346556,-0.12740903872453743,78.12711035235168,17.60261692158723,,4.619339473795931,1957321.6973481604,8585043.918363962,1717659395.1725376
-0.15173212018069226,-0.9387162048223079,-0.12740903872453743,78.12711289256521,17.60261351701657,,4.60758178085726,1957321.3187771756,8585044.23698907,1717659395.27281
-0.015831681467524214,-0.9603423652850762,-0.12740903872453743,78.12711535066599,17.60261006679873,,4.60127740148617,1957320.9351304558,8585044.547120662,1717659395.3732994
-0.19870896751622955,-0.9817420566219326,-0.12740903872453743,78.12711773803527,17.602606572873466,,4.594836891496659,1957320.5466236926,8585044.84998687,1717659395.473672
-0.009398912607254568,-1.0025733607126388,-0.12740903872453743,78.12712003363474,17.602603031099783,,4.5913077976578025,1957320.1527964277,8585045.143323923,1717659395.5744443
0.03819837844425394,-1.02831128480485,-0.12740903872453743,78.12712267011838,17.602598704560837,,4.594754704789206,1957319.6717072472,8585045.48322232,1717659395.6746576
-0.062102938256505036,-1.0497894894050295,-0.12740903872453743,78.12712478578163,17.602595056869074,,4.589001028761493,1957319.2661024288,8585045.758015586,1717659395.7748957
-0.06073360021813046,-1.0713027695138244,-0.12740903872453743,78.12712681834951,17.602591366615485,,4.586280607319222,1957318.8557649518,8585046.024171567,1717659395.8752155
0.050094067913871776,-1.092701723162337,-0.12740903872453743,78.12712875963234,17.602587634660043,,4.586412858456661,1957318.4407904402,8585046.280780358,1717659395.9755707
-0.004928687014546691,-1.1143173629756271,-0.12740903872453743,78.12713062706769,17.602583862856065,,4.590413292335661,1957318.0213849735,8585046.529736605,1717659396.0758321
0.009682900891557347,-1.1356142726777247,-0.12915436631205607,78.12713240122493,17.60258004476987,,4.594331219270985,1957317.596833159,8585046.768979784,1717659396.176067
-0.021831642136130258,-1.1583759856180211,-0.1308996938995747,78.12713411831966,17.60257620226871,,4.592902496833403,1957317.1695665247,8585047.002235817,1717659396.2763858
-0.015706790582337107,-1.180938096859782,-0.13264502148709337,78.12713575143788,17.602572330109442,,4.588655095893596,1957316.739002059,8585047.226608055,1717659396.376683
-0.036905740831682535,-1.2024819622197231,-0.134390349074612,78.12713726190081,17.60256841361513,,4.586859004401933,1957316.3035077613,8585047.438016513,1717659396.4769764
-0.043023068706228615,-1.2248455759267145,-0.134390349074612,78.12713867824687,17.602564469287625,,4.580846415809318,1957315.8649185535,8585047.639405731,1717659396.5772464
-0.06279053524346319,-1.2478713278516425,-0.134390349074612,78.12713996055568,17.602560516811778,,4.572466342757473,1957315.4254232917,8585047.826160694,1717659396.6775823
-0.047033873849162806,-1.2700953704075562,-0.134390349074612,78.12714114275194,17.602556537667212,,4.570658469467299,1957314.9829626037,8585048.002224073,1717659396.7778852
-0.14981187639877472,-1.2919865681637532,-0.1308996938995747,78.1271422307812,17.60255254185894,,4.5542492752083685,1957314.5386489958,8585048.16813314,1717659396.8781946
-0.18378398003800103,-1.3136115910824873,-0.12915436631205607,78.12714323765188,17.602548536752092,,4.54159534344591,1957314.0933014336,8585048.325231897,1717659396.9785044
-0.1276485488178599,-1.3345927489707066,-0.12217304763960307,78.12714414905187,17.602544520445125,,4.531495666253339,1957313.646708475,8585048.471969709,1717659397.078981
-0.1166852924331292,-1.353902228545128,-0.11868239246456577,78.12714496330206,17.602540489293773,,4.525796925012937,1957313.198464896,8585048.608204337,1717659397.179288
-0.13346929287054116,-1.3722484608927406,-0.10995574620459413,78.12714569625183,17.602536451166415,,4.515247706057006,1957312.749445621,8585048.735586131,1717659397.2797246
-0.18552675703098445,-1.3901741506382423,-0.10646508270717842,78.12714635724045,17.602532411522688,,4.50237579394607,1957312.3002577329,8585048.85507801,1717659397.3799279
-0.07930806140124032,-1.4074076207674708,-0.10122909994462248,78.12714693957906,17.602528369852546,,4.494065588662328,1957311.8508445178,8585048.96595088,1717659397.4801545
-0.06389828629858817,-1.4230805158389852,-0.09424778127216947,78.12714744415977,17.602524321904685,,4.490773242493389,1957311.4007332525,8585049.068352085,1717659397.5804431
-0.00023905428316829333,-1.4383781985295445,-0.09250245368465083,78.12714793242631,17.602520307267692,,4.489316146271351,1957310.9543259866,8585049.168574192,1717659397.6807575
-0.0008682015327056989,-1.4535253732282922,-0.08377580742467917,78.12714836926087,17.60251628821431,,4.486612654534924,1957310.5074276405,8585049.263195883,1717659397.7810676
-0.07776182419002159,-1.4673106701758032,-0.07853981633974483,78.12714873113728,17.60251226950256,,4.475567248682033,1957310.0605672826,8585049.349576779,1717659397.881405
0.011137488188071237,-1.4794729097113217,-0.06632251074354668,78.12714902528397,17.602508251061163,,4.472397325907934,1957309.613736986,8585049.428512007,1717659397.9816954
0.05136502680010462,-1.4898943713123762,-0.061086523819801536,78.12714925404545,17.602504231006353,,4.470938464996135,1957309.1667272863,8585049.500281049,1717659398.0819361
0.0512998376008927,-1.4995868460111859,-0.05585053689605639,78.12714944886254,17.60250021022826,,4.469018000413356,1957308.7196371611,8585049.568328466,1717659398.1822493
-0.0039441705649659285,-1.5089246568212609,-0.05585053689605639,78.1271496165848,17.602496189531333,,4.466753156643523,1957308.2725560612,8585049.633397602,1717659398.2825484
-0.033140551959216814,-1.5176578999051615,-0.05410520514734853,78.12714974207765,17.60249217112222,,4.4607854810389505,1957307.8257293545,8585049.693799784,1717659398.3829193
-0.06747195730382846,-1.5264279782408618,-0.05410520514734853,78.12714983029268,17.602488157034706,,4.454284447844391,1957307.379383188,8585049.750055531,1717659398.4834793
0.005059157915301071,-1.5344647201935107,-0.05061454997231124,78.12714987026548,17.60248414404636,,4.453549166546445,1957306.9331592433,8585049.800997391,1717659398.5837872
-0.10389114736783986,-1.5430378799507756,-0.048869218223603385,78.12714995907777,17.602480243931485,,4.440518909984392,1957306.499486256,8585049.855996698,1717659398.6839912
0.10877316652192388,-1.5507990673812317,-0.04363323129985824,78.12714999467121,17.60247634154263,,4.435692900343192,1957306.0655604133,8585049.905174391,1717659398.7842793
-0.0004425585603368002,-1.5573989971121966,-0.04363323129985824,78.12714999571956,17.6024724400571,,4.430985058338283,1957305.631735016,8585049.950545587,1717659398.8846118
0.00610492465228369,-1.5640607171376502,-0.04014257196363174,78.12714998024072,17.60246853784133,,4.427567383161143,1957305.1978284195,8585049.994109139,1717659398.9848993
-0.04090850816623343,-1.5710415466903076,-0.03839724437611309,78.12714994139905,17.602464639695953,,4.417091729676758,1957304.7643744305,8585050.03505823,1717659399.0851738
-0.13136944466756492,-1.5770083728626507,-0.03490658503988659,78.12714987785024,17.602460746991405,,4.4109421575308145,1957304.3315254338,8585050.07322924,1717659399.1854026
-0.24256367013985114,-1.5820502234247362,-0.03316125537177334,78.12714977862785,17.602456853446146,,4.40730603002968,1957303.8985829542,8585050.107489977,1717659399.2858033
-0.08314554090120871,-1.5868461711318371,-0.027925268448028194,78.12714965013606,17.602452966330976,,4.394148354693892,1957303.4663554681,8585050.138459831,1717659399.3860757
-0.02990196978612047,-1.591474048927031,-0.027925268448028194,78.12714951844076,17.602449078153125,,4.395534225081321,1957303.0340098173,8585050.169089982,1717659399.4864926
0.018363032801627165,-1.5953862528804443,-0.027925268448028194,78.12714936191662,17.60244518746896,,4.395697497093014,1957302.6013854768,8585050.197020866,1717659399.5868726
-0.1877478304189775,-1.599437461792751,-0.026179938779914945,78.12714924416265,17.602441312486285,,4.383983320986937,1957302.1705070627,8585050.229029888,1717659399.6871748
-0.1849782963924652,-1.6035814415643699,-0.024434609111801692,78.12714912690811,17.602437443255912,,4.371524644119027,1957301.7402682751,8585050.261027059,1717659399.7874525
-0.005578040619573141,-1.6059952622732274,-0.024434609111801692,78.12714895853979,17.602433575653606,,4.369067551613983,1957301.3102105204,8585050.287388662,1717659399.8877947
-0.06424834944594064,-1.6094694157711786,-0.022689279443688443,78.12714878918811,17.60242970772118,,4.3684257457495645,1957300.8801160578,8585050.313646032,1717659399.9881113
-0.1386272560043368,-1.6135433950964464,-0.022689279443688443,78.12714861836686,17.60242584522953,,4.354696574054538,1957300.4506265824,8585050.33967879,1717659400.0884392
-0.16877396350763704,-1.6164208126352522,-0.022689279443688443,78.12714842520253,17.602421987076657,,4.350011415607873,1957300.0216195567,8585050.36320603,1717659400.1887553
-0.016473032784162477,-1.6196047207557354,-0.020943951856169794,78.12714823032677,17.602418132918192,,4.343611174683801,1957299.5930566888,8585050.386498865,1717659400.2890582
-0.19662734206715077,-1.6229647465348727,-0.019198622188056545,78.12714802331301,17.60241427993181,,4.337581451488576,1957299.1646241506,8585050.408444302,1717659400.3893511
-0.200795843198338,-1.6254964035681674,-0.017453292519943295,78.12714779192628,17.602410437826993,,4.3222935010574135,1957298.7374015874,8585050.427585268,1717659400.4896626
-0.1946891205006549,-1.627334134062951,-0.010471975928084897,78.12714754227974,17.60240660357919,,4.3133603091833415,1957298.3110526844,8585050.444628594,1717659400.5901518
-0.05121063424655544,-1.6288092736858084,-0.010471975928084897,78.12714730809778,17.60240276751092,,4.314864108902492,1957297.8845013545,8585050.463392364,1717659400.6903949
-0.15673610040273442,-1.6300687142917416,-0.008726646259971648,78.12714706351578,17.602398927231498,,4.310153022579434,1957297.457481766,8585050.481062155,1717659400.7907143
-0.10239501305036429,-1.6310299003863873,-0.008726646259971648,78.12714681665663,17.602395093437938,,4.302479692445582,1957297.0311833723,8585050.498406477,1717659400.8910208
-0.14200336557354648,-1.631905268189071,-0.008726646259971648,78.12714656691705,17.60239126644088,,4.291734443660877,1957296.605640715,8585050.515355436,1717659400.9913328
-0.27453343655811346,-1.6330431843961155,-0.008726646259971648,78.12714631935347,17.602387441836857,,4.287907500286827,1957296.180364151,8585050.532515736,1717659401.091682
-0.14002655363997474,-1.6340339364729644,-0.0069813171120070485,78.12714605888368,17.602383621024487,,4.28303811372173,1957295.7555092,8585050.54821384,1717659401.1919563
-0.1909759067687257,-1.6349305760002244,-0.005235987964042448,78.12714579905519,17.602379806041604,,4.270786839437492,1957295.331302458,8585050.56391478,1717659401.2922888
-0.03965886283546949,-1.634866439301436,-0.005235987964042448,78.12714551624906,17.60237599705215,,4.269323491968534,1957294.9077621552,8585050.577021278,1717659401.3925836
-0.0844813925386311,-1.6348447521579144,-0.005235987964042448,78.12714523608507,17.602372187050456,,4.267566240436392,1957294.4841092962,8585050.590429842,1717659401.4927897
-0.17450818705826393,-1.6355610883522949,-0.0034906585560035243,78.12714498288905,17.602368375625684,,4.263925010412231,1957294.0602981986,8585050.606818294,1717659401.593099
-0.2531632347674384,-1.6359381156406196,-0.0034906585560035243,78.12714473143747,17.60236457889219,,4.249043069981696,1957293.6381206962,8585050.623228014,1717659401.6935039
-0.05894009186991744,-1.6363067814294379,-0.0034906585560035243,78.12714442497966,17.602360032703952,,4.246195987468566,1957293.1326076286,8585050.64228671,1717659401.7938693
-0.051635311562018726,-1.6355870456573465,-0.0034906585560035243,78.12714420254251,17.602357005835437,,4.241596050397019,1957292.796035206,8585050.652954547,1717659401.894524
0.01335250440269765,-1.6359498313840077,-0.0017453292780017621,78.12714387129039,17.602352467373606,,4.241099117349282,1957292.2913812757,8585050.669199057,1717659401.9950817
0.1732185200490297,-1.6363994304547114,-0.0017453292780017621,78.12714360903688,17.602348684323257,,4.242775825951925,1957291.8707252694,8585050.68426304,1717659402.0953639
0.0946503259593582,-1.636358580744596,-0.0017453292780017621,78.12714334474511,17.602344902105642,,4.238544563168757,1957291.4501618594,8585050.699093377,1717659402.1956239
-0.027549315417415697,-1.6360532566447894,-0.0017453292780017621,78.12714307818307,17.602341125203825,,4.227562950771427,1957291.0301895388,8585050.713612575,1717659402.2959213
0.04339846581227216,-1.63567785167161,-0.0034906585560035243,78.1271428238985,17.60233735523006,,4.219764009369691,1957290.6109875825,8585050.729400517,1717659402.3961654
0.009403283437310703,-1.6358390584565852,-0.0034906585560035243,78.12714256093862,17.602333587313677,,4.21515466328805,1957290.1920143967,8585050.744211292,1717659402.496359
0.021187541654270815,-1.6360611756460102,-0.005235987964042448,78.12714228765135,17.60232982772028,,4.2121733173538525,1957289.7739666847,8585050.757790687,1717659402.5966246
0.09721418517346975,-1.636225109032485,-0.005235987964042448,78.12714201125685,17.602326080654706,,4.207021291654245,1957289.357312003,8585050.770883309,1717659402.6969974
-0.05701416299262117,-1.6362869939442253,-0.0069813171120070485,78.12714173030733,17.602322337682047,,4.198599154319842,1957288.9411124326,8585050.783427916,1717659402.7972453
-0.03194479807621432,-1.6375579770477824,-0.008726646259971648,78.12714146653302,17.60231859698694,,4.193922168994694,1957288.525166115,8585050.797833405,1717659402.8974645
-0.04908780671785272,-1.6389768635891333,-0.008726646259971648,78.12714121057407,17.602314862903597,,4.182620653423676,1957288.1099549916,8585050.813020986,1717659402.9977992
-0.09034083913041875,-1.6392840915020677,-0.008726646259971648,78.12714093158567,17.602311137175743,,4.174342429659566,1957287.6956729558,8585050.82558103,1717659403.0981328
0.0072247032625607785,-1.6402900517607588,-0.008726646259971648,78.1271406560283,17.60230741574618,,4.16968855124432,1957287.2818688685,8585050.83846823,1717659403.1984603
-0.03357515813564935,-1.6414075231960683,-0.008726646259971648,78.12714037552954,17.602303699549896,,4.16311390938105,1957286.8686466957,8585050.850751728,1717659403.2988575
0.03637595231414327,-1.6424138059791031,-0.008726646259971648,78.12714008858413,17.602299985128017,,4.162273246203842,1957286.455621827,8585050.86230624,1717659403.399188
-0.030001578867124908,-1.6431729421549521,-0.010471975928084897,78.12713979103758,17.602296272840775,,4.1576007161462964,1957286.0428343196,8585050.87267107,1717659403.4996145
-0.07646997993555385,-1.6447289219193721,-0.012217304555900846,78.12713950039473,17.60229256217393,,4.151822062810283,1957285.630226992,8585050.88377571,1717659403.6000156
-0.0719187846330728,-1.6464087106427336,-0.012217304555900846,78.127139190517,17.602288847240423,,4.1466051524657335,1957285.2171452334,8585050.892816197,1717659403.7002325
-0.03212013697942785,-1.6478261875164704,-0.012217304555900846,78.1271388761178,17.602285132741667,,4.148217376130659,1957284.8041118165,8585050.901354784,1717659403.8005362
-0.03030176056968973,-1.6495573305981155,-0.012217304555900846,78.1271385606143,17.602281417894687,,4.147735011111188,1957284.391039679,8585050.909776056,1717659403.9007528
-0.05816835526508632,-1.6512434501461768,-0.012217304555900846,78.12713823160453,17.60227770613865,,4.143035918845923,1957283.9783112388,8585050.916677322,1717659404.0010407
0.005281008328681454,-1.6526590663429355,-0.012217304555900846,78.12713788848839,17.602273995342728,,4.145333046709541,1957283.5656895586,8585050.922017353,1717659404.1013813
-0.004091595008298449,-1.6536231679361495,-0.012217304555900846,78.12713753815136,17.60227028405248,,4.146076005090196,1957283.1530129118,8585050.926569633,1717659404.2016609
-0.10687090752450751,-1.6551349843860104,-0.010471975928084897,78.12713719492923,17.602266573227023,,4.1403255159549905,1957282.7403879473,8585050.931898342,1717659404.3020897
-0.020686738477690477,-1.6565749561055492,-0.0069813171120070485,78.12713685226707,17.602262865151335,,4.140487395148459,1957282.328068743,8585050.937256675,1717659404.40242
-0.04648533532846776,-1.6568804021633603,-0.0069813171120070485,78.12713649170249,17.60225915919454,,4.137294932781961,1957281.9159851489,8585050.940623205,1717659404.5027852
0.05854762920854718,-1.6566715112591788,-0.0034906585560035243,78.12713612343644,17.602255454957454,,4.1400675012672155,1957281.504092778,8585050.943123495,1717659404.6030557
0.011952114022433213,-1.6569628839275155,-0.0034906585560035243,78.12713575381005,17.602251749628156,,4.140480534563086,1957281.0920789584,8585050.945486961,1717659404.7032652
-0.052155444561472676,-1.6569843240486015,-0.0017453292780017621,78.1271353816763,17.602248046384275,,4.135754312839666,1957280.6802970269,8585050.947550707,1717659404.8035674
-0.09101421301570323,-1.6564949829580706,-0.0017453292780017621,78.1271349987026,17.60224434564253,,4.133541242490092,1957280.2687933198,8585050.948394265,1717659404.9038293
-0.01471995258045376,-1.6562417684052642,-0.0017453292780017621,78.12713462464437,17.602240645623457,,4.131749037620642,1957279.8573699705,8585050.950209111,1717659405.004115
0.005165563787038881,-1.6562867559254595,-0.0017453292780017621,78.12713425931553,17.602236945170652,,4.131921806401709,1957279.4458983922,8585050.952988217,1717659405.1043322
-0.006897860216490322,-1.6564773287840984,-0.0017453292780017621,78.12713389698442,17.602233246071727,,4.128945185634393,1957279.0345773585,8585050.956081014,1717659405.2046082
0.034688452670775784,-1.6562108401440907,-0.0017453292780017621,78.12713352667868,17.60222954764703,,4.129835692971735,1957278.623331296,8585050.958289683,1717659405.3048303
-9.646985480170513e-05,-1.6557247795755121,-0.0017453292780017621,78.12713314921233,17.602225848169866,,4.129974450883649,1957278.2119682038,8585050.959723705,1717659405.4051542
-0.03948510502112318,-1.6555130138147733,-0.0017453292780017621,78.12713277324983,17.602222149432443,,4.127522242256151,1957277.8006873676,8585050.96131439,1717659405.50553
-0.053801670989188206,-1.6556091188529156,-0.0017453292780017621,78.127132412348,17.602218450912186,,4.125380391117222,1957277.389430679,8585050.964557495,1717659405.6058052
-0.0005886140431080397,-1.6555442709839674,-0.0017453292780017621,78.12713206570987,17.602214753733676,,4.121952201585471,1957276.9783231856,8585050.969352402,1717659405.7061617
-0.012582784052902295,-1.655417847984126,-0.0017453292780017621,78.12713171566837,17.602211060485494,,4.116986780345959,1957276.567652725,8585050.97372773,1717659405.8064258
-0.011246132113288837,-1.655404670701679,-0.0017453292780017621,78.12713136787079,17.60220737014907,,4.114074787871412,1957276.1573060371,8585050.97831585,1717659405.9067829
-0.08014949006726413,-1.6554702949034579,-0.0017453292780017621,78.12713102385425,17.602203685304207,,4.102538022762846,1957275.747569983,8585050.98325574,1717659406.0070982
-0.15912390888341196,-1.6556974643641387,-0.0017453292780017621,78.12713068792206,17.602200010446627,,4.090201861193424,1957275.3389444635,8585050.98896813,1717659406.1074283
-0.14615598185519427,-1.6555166355736743,-0.0017453292780017621,78.12713034655485,17.602196347669718,,4.075194661295357,1957274.9316622538,8585050.99394315,1717659406.2077513
-0.11806868295279817,-1.655246621866478,-0.0017453292780017621,78.12713000441371,17.60219269622769,,4.064644686856573,1957274.5256404255,8585050.998701638,1717659406.308085
-0.14454989643570754,-1.6549728010265023,-0.0017453292780017621,78.1271296580125,17.602189056792206,,4.050664487982289,1957274.120953664,8585051.002852727,1717659406.4083872
-0.16730971966869498,-1.6549599545829017,-0.0017453292780017621,78.12712931554876,17.602185431122454,,4.03280759970357,1957273.7177975818,8585051.007276801,1717659406.508699
-0.12238204134898825,-1.6548582248267476,-0.0017453292780017621,78.1271289766053,17.602181817881785,,4.01674345914845,1957273.3160235507,8585051.011943525,1717659406.6090157
-0.15196749636201934,-1.6546821287040803,-0.0017453292780017621,78.12712863942407,17.602178209748118,,4.002572354894433,1957272.9148173921,8585051.016744643,1717659406.7093573
-0.1538748903571184,-1.6546937581055918,-0.0017453292780017621,78.12712830625492,17.602174614965847,,3.987772919724059,1957272.5150958411,8585051.021831755,1717659406.8098614
-0.1403193170221638,-1.6547938445960364,-0.0017453292780017621,78.12712797901918,17.602171033671645,,3.9722619349881914,1957272.116874095,8585051.0274144,1717659406.9102259
-0.23530835016082158,-1.6546340772072974,-0.0017453292780017621,78.12712764820803,17.602167467505694,,3.9541916493362295,1957271.720334534,8585051.03242867,1717659407.0107245
-0.1823355528242114,-1.654352250860531,-0.0017453292780017621,78.12712731632548,17.602163919221553,,3.934535193193575,1957271.325783339,8585051.037117781,1717659407.1109967
-0.21139999458207767,-1.6543246451365263,-0.0017453292780017621,78.12712699478526,17.602160385914374,,3.917489503247575,1957270.9328975065,8585051.04276963,1717659407.211355
-0.08842295388848662,-1.6541904147659765,-0.0017453292780017621,78.12712667075917,17.60215686780123,,3.9014170619147848,1957270.5417011736,8585051.047972068,1717659407.311622
-0.14755094508930225,-1.6541131555297783,-0.0017453292780017621,78.12712634704344,17.602153362815034,,3.886554701006433,1957270.1519644905,8585051.053056337,1717659407.4119415
-0.14580505100976554,-1.6540099102241461,-0.0017453292780017621,78.12712602652802,17.602149872430527,,3.8696500702426695,1957269.7638514412,8585051.058322893,1717659407.5122213
-0.14512258773718595,-1.65388292612922,-0.0034906585560035243,78.12712570682429,17.602146403143475,,3.850070906460635,1957269.3780843222,8585051.063433914,1717659407.6125512
-0.07933806365201025,-1.6538508580838067,-0.005235987964042448,78.12712538544233,17.60214296340533,,3.8328142742934337,1957268.9956028915,8585051.068017762,1717659407.7127614
-0.11643288629297238,-1.6541280774513787,-0.005235987964042448,78.12712500384643,17.60213885684688,,3.811498666562561,1957268.538974426,8585051.073719708,1717659407.8132093
-0.15814307888287485,-1.6546822060959414,-0.008726646259971648,78.12712474861357,17.60213613132736,,3.7977070972795643,1957268.2359104825,8585051.077287829,1717659407.913489
-0.1110677907640393,-1.6556593355365434,-0.008726646259971648,78.1271243576236,17.602132063753736,,3.775555272148364,1957267.7836169319,8585051.08150528,1717659408.0145066
-0.18552762116760452,-1.656651091676755,-0.010471975928084897,78.12712403347,17.602128693012205,,3.753519656460407,1957267.4088075748,8585051.084984208,1717659408.1147428
-0.17438091059347274,-1.657855383193924,-0.012217304555900846,78.1271237032022,17.602125341458088,,3.7340095162990288,1957267.0361317603,8585051.087568702,1717659408.215068
-0.20170099487907717,-1.6595761414141472,-0.015707962851830046,78.12712337894828,17.60212200563183,,3.714962063718445,1957266.6652048044,8585051.090631593,1717659408.31535
-0.2390070508964822,-1.6616607656429714,-0.017453292519943295,78.12712305314722,17.60211868893492,,3.691807516956569,1957266.296404935,8585051.09330258,1717659408.4156532
-0.15400350103570168,-1.6639486088565798,-0.024434609111801692,78.12712271849271,17.60211539043762,,3.674911679532234,1957265.9296287696,8585051.094789583,1717659408.5159626
-0.13091634044361186,-1.6669343724385972,-0.027925268448028194,78.1271223761092,17.602112098550514,,3.658915794252356,1957265.5635876243,8585051.0953506,1717659408.6162453
-0.24298248035298153,-1.671044767688897,-0.03839724437611309,78.12712202385516,17.602108806997702,,3.639770465965366,1957265.1975836505,8585051.094823103,1717659408.716518
-0.2502906495749613,-1.676324515343471,-0.04537855888737689,78.12712165782438,17.6021055385298,,3.6143202225511044,1957264.834146602,8585051.092513958,1717659408.8168151
-0.3140401438762948,-1.683385064058907,-0.06283185140732019,78.12712128197025,17.602102290872846,,3.591632737039719,1957264.4730236256,8585051.088883966,1717659408.9170303
-0.10411004178580338,-1.6920242568815897,-0.07330382525481048,78.1271208827976,17.602099063099416,,3.579500420544455,1957264.1141115956,8585051.082460959,1717659409.017359
-0.16042265434761266,-1.702700614801337,-0.09424778127216947,78.12712045689057,17.6020958529055,,3.5624921258444235,1957263.7571543185,8585051.072896305,1717659409.1176298
-0.22683849359107347,-1.7158856979504387,-0.10297442753214113,78.12712001499571,17.60209266174546,,3.541874526327407,1957263.4023135118,8585051.06135403,1717659409.2180035
-0.17656572777864304,-1.7309976163336487,-0.11519172896715008,78.12711953901284,17.602089492690098,,3.5229392570629026,1957263.0499306335,8585051.045809561,1717659409.318276
-0.2382992753373212,-1.746810341614789,-0.11868239246456577,78.12711901684338,17.60208635140544,,3.4990339211195876,1957262.7006357166,8585051.024867719,1717659409.4186091
-0.12729398846514986,-1.76256153554103,-0.12391837522712172,78.12711843278753,17.602083236797778,,3.4848617367019905,1957262.3543071458,8585050.996816002,1717659409.5189283
-0.11954832596691681,-1.7783860447316286,-0.12740903872453743,78.12711773413677,17.602080122310202,,3.469739485200083,1957262.0079919281,8585050.956170548,1717659409.6193237
-0.20660558096481468,-1.7952518984134445,-0.13962634015954636,78.12711693078485,17.602077002685895,,3.4483631565397777,1957261.6611055324,8585050.904079512,1717659409.719691
0.04704827875169962,-1.8142991453420336,-0.14660765050962096,78.12711610815698,17.602073911603572,,3.428926682346809,1957261.3173928603,8585050.849539246,1717659409.8199644
-0.33522461827935,-1.8348424797503053,-0.16057028785452696,78.12711524096231,17.60207085835618,,3.3996861633123925,1957260.97788724,8585050.78966286,1717659409.9202433
-0.34573569141131166,-1.8539786456369571,-0.16580627893946132,78.12711428172571,17.60206784191473,,3.3808321566128825,1957260.642474255,8585050.719245447,1717659410.020524
-0.4771606229282679,-1.8745856677059562,-0.17453292519943295,78.12711327643977,17.602064861973755,,3.356674729101375,1957260.3111199364,8585050.643344482,1717659410.1208482
-0.4750920834818208,-1.8983527521110248,-0.1797689162843673,78.12711223512892,17.602061915297348,,3.330436256471264,1957259.9834644697,8585050.563099042,1717659410.2211707
-0.4852433156418201,-1.9226523940077453,-0.18849556254433894,78.12711113017941,17.60205901848905,,3.2994136435292174,1957259.6613540838,8585050.475282175,1717659410.3214533
-0.23677884601842153,-1.946071500728909,-0.1937315536292733,78.12710994531706,17.602056172621968,,3.285839973460853,1957259.344908102,8585050.378093136,1717659410.4217901
-0.30361909457419495,-1.9704927015305518,-0.2007128639793479,78.127108703223,17.60205336607308,,3.2664909200334873,1957259.032834104,8585050.274159083,1717659410.5221243
-0.4105517545242198,-1.9961474048337473,-0.20245819988924496,78.12710736787818,17.602050584535654,,3.2405548587461146,1957258.7235412542,8585050.159687977,1717659410.6224422
-0.38820862262150074,-2.022016091419911,-0.2076941743294225,78.12710243975202,17.602052366275174,,3.2108478691371163,1957258.9216616494,8585049.597490383,1717659410.7231243
-0.3050390650272798,-2.0476155563787417,-0.2111848461492166,78.12710106535452,17.602049747693098,,3.182171837361743,1957258.6304886078,8585049.476837764,1717659410.823651
-0.3488028510402787,-2.0734415623187124,-0.2181661564992912,78.12709963545784,17.602047158161625,,3.1577718191056796,1957258.3425458455,8585049.3497496,1717659410.923982
-0.3912742519845813,-2.0996201415659845,-0.2216568116743285,78.12709812182555,17.602044636317068,,3.121720971920911,1957258.0621295248,8585049.21267496,1717659411.024359
-0.27358914675231283,-2.1269178873298618,-0.22340214758422555,78.12709654555505,17.60204226511383,,3.1028338645719398,1957257.7984637548,8585049.066969926,1717659411.1246538
-0.32017584688768186,-2.1542975196876712,-0.2251474668493658,78.12709492084096,17.60203997081475,,3.0752123749171694,1957257.5433493368,8585048.915049588,1717659411.2249568
-0.2588554349980684,-2.1811315737935137,-0.23212879384419718,78.12709325591727,17.60203768643621,,3.052641173496429,1957257.2893380325,8585048.758595714,1717659411.325217
-0.17584223603217647,-2.2086193330409403,-0.23561944901923448,78.12709154244762,17.602035393397504,,3.0309259468659944,1957257.0343637622,8585048.596907781,1717659411.4255674
-0.3759905865941393,-2.236749918727136,-0.24085544010416884,78.1270898180716,17.602033128491072,,3.0029423954832373,1957256.7825176576,8585048.433695076,1717659411.5258784
-0.4231319078988762,-2.2642776394628727,-0.24260075936930908,78.1270904353661,17.602025881820285,,2.964663530917816,1957255.9767246312,8585048.585583815,1717659411.6261096
-0.31687874475272193,-2.2910155541924917,-0.24260075936930908,78.12708841221853,17.602023810046006,,2.9294368030810043,1957255.7463538419,8585048.387300162,1717659411.7263985
-0.28894261490586853,-2.318720688328311,-0.24260075936930908,78.1270863555417,17.602021804508436,,2.9048473661027248,1957255.5233482388,8585048.184563816,1717659411.8266969
-0.29115759440901573,-2.3455137165830804,-0.24260075936930908,78.1270842525969,17.60201987844356,,2.877595404538285,1957255.3091795964,8585047.975821445,1717659411.9269972
-0.12818259554394631,-2.372107130584899,-0.24260075936930908,78.12708211991618,17.60201801508222,,2.862371536941561,1957255.1019832687,8585047.763084196,1717659412.0272892
-0.22537129207802747,-2.3987477414319565,-0.24260075936930908,78.12707995659133,17.602016210614877,,2.840241664579548,1957254.901335655,8585047.546296459,1717659412.1275852
-0.18944845296869792,-2.425299828578474,-0.24260075936930908,78.12707777893732,17.60201445090724,,2.8269683128272938,1957254.7056650936,8585047.327414963,1717659412.227897
-0.29499995184728534,-2.4516290891951837,-0.24260075936930908,78.12707558185241,17.602012741658655,,2.804411248916836,1957254.5156053223,8585047.105812995,1717659412.328279
-0.2742430373133946,-2.4767147512241365,-0.24260075936930908,78.12707335111594,17.602011112398504,,2.7770571947445917,1957254.3344398595,8585046.879585383,1717659412.428588
-0.5467876464599228,-2.500903010624084,-0.24260075936930908,78.12707109826138,17.60200956419445,,2.7294074099219165,1957254.1622874234,8585046.649987107,1717659412.5288894
-0.35156300053094436,-2.526081555589368,-0.24085544010416884,78.12706882515381,17.60200811810773,,2.7139665398856168,1957254.0014899164,8585046.416978817,1717659412.6292195
-0.10619026801555202,-2.5511417386562147,-0.24085544010416884,78.12706652844533,17.602006807553607,,2.6948885792065447,1957253.855762947,8585046.179805031,1717659412.7295225
-0.209442128694025,-2.5747305740334565,-0.24085544010416884,78.12706421352557,17.602005566600457,,2.66877409844529,1957253.7177752524,8585045.939822756,1717659412.8298335
-0.26749198519343786,-2.597995205161983,-0.24085544010416884,78.1270618868556,17.602004385805735,,2.6498372935124843,1957253.5864768699,8585045.6978515,1717659412.9301417
-0.33239289644812314,-2.6223366212178907,-0.24085544010416884,78.12705956502792,17.60200323066046,,2.6357642568731996,1957253.4580305761,8585045.456114823,1717659413.0304449
-0.2825591884098066,-2.6472067824683543,-0.23911010419427178,78.12705724751963,17.602002123309447,,2.6085760370658977,1957253.3348987612,8585045.214298403,1717659413.13079
-0.3864656888439769,-2.669348522641548,-0.23736478492913154,78.12705490798461,17.60200110646217,,2.5801473540063444,1957253.2218305024,8585044.96901177,1717659413.2311363
-0.40612885656636005,-2.691165044668845,-0.23212879384419718,78.12705256676058,17.6020001471143,,2.5574643004232867,1957253.1151558866,8585044.722872583,1717659413.331406
-0.4613400118472798,-2.7145622654603745,-0.22863813866915988,78.12705023221724,17.601999231289575,,2.5295253014442136,1957253.0133208237,8585044.476962669,1717659413.4316497
-0.3297886751238249,-2.735619439066232,-0.22340214758422555,78.12704789278723,17.601998393909735,,2.5074411994871646,1957252.9202084334,8585044.229605865,1717659413.531978
-0.2229994607418974,-2.7548416608340784,-0.2181661564992912,78.12704558240777,17.60199764956401,,2.490094296320082,1957252.8374409652,8585043.984362165,1717659413.63229
-0.1459789710038164,-2.775678982109633,-0.2111848461492166,78.1270433370447,17.601996949166995,,2.4773531207094552,1957252.7595603708,8585043.74575306,1717659413.7326
-0.2229291915099022,-2.7963950423494452,-0.20943951023931956,78.12704108794703,17.601996280403466,,2.467673810177199,1957252.6851972588,8585043.506366644,1717659413.8328905
-0.1847675865863913,-2.814620171767051,-0.20594885506428226,78.1270388292535,17.60199567815141,,2.454281330387379,1957252.6182298863,8585043.26515429,1717659413.9332268
-0.14917528943518915,-2.8325428496502365,-0.2042035191543852,78.12703656942499,17.601995119994413,,2.4424377595750673,1957252.5561656598,8585043.023305744,1717659414.0337088
0.09446407239034776,-2.855430296320667,-0.1972222088043106,78.12703385461121,17.601994487485538,,2.4460255513166733,1957252.4858338817,8585042.732323261,1717659414.13408
-0.013830487787645568,-2.872847554443051,-0.19198621771937624,78.12703156507942,17.60199402782554,,2.4516521576944608,1957252.4347220217,8585042.486068249,1717659414.2348094
0.38757692441244035,-2.8888700417901685,-0.18151423554950755,78.12702924932636,17.601993611549688,,2.4840749451607995,1957252.3884342592,8585042.236428663,1717659414.3351178
0.2642225312703812,-2.9050476795505196,-0.17627826110933,78.12702689737498,17.601993197767204,,2.518769632251207,1957252.342423746,8585041.98278248,1717659414.435491
0.31413889925435706,-2.918025894767259,-0.16406094302956425,78.12702450981408,17.60199281010885,,2.5501336218905957,1957252.299318104,8585041.724920295,1717659414.5357924
0.3957038966001315,-2.9361551321996187,-0.15707963267948966,78.12702213765338,17.60199245445967,,2.5846509088397753,1957252.2597717193,8585041.468379088,1717659414.6360762
0.580421835519735,-2.9496645470824565,-0.14660765050962096,78.12701976840385,17.60199213983283,,2.6014642580255494,1957252.2247868108,8585041.211681942,1717659414.7363539
0.7296820279412888,-2.963102141096427,-0.14137167606944342,78.12701734871736,17.601991843204665,,2.660463209526896,1957252.191803264,8585040.949233726,1717659414.8365986
0.5611963400003006,-2.9768689712195395,-0.12915436631205607,78.12701489113302,17.601991548410112,,2.6922549863459193,1957252.159023605,8585040.682599805,1717659414.9368055
0.41087923279067157,-2.98890255496614,-0.12042772005208442,78.12701239215767,17.6019912932353,,2.7231346997859522,1957252.1306494607,8585040.410958044,1717659415.0371468
0.47921875794415225,-2.999687384129809,-0.10995574620459413,78.12700985295037,17.601991066724654,,2.764707940236983,1957252.1054626259,8585040.134562882,1717659415.1374013
0.4792900731789234,-3.010250950335475,-0.10297442753214113,78.1270072625166,17.60199086523135,,2.8176175321917993,1957252.083057593,8585039.85224848,1717659415.2377043
0.4642771391073835,-3.0209343930216557,-0.09075711777475377,78.12700462154748,17.601990678437613,,2.86777845320017,1957252.062287077,8585039.564210458,1717659415.33805
0.6102718161710248,-3.0305443557979928,-0.08726646259971647,78.12700192599063,17.601990511548237,,2.9289300568925603,1957252.0437298252,8585039.26994315,1717659415.4384713
0.6679359327061971,-3.038719173120364,-0.07853981633974483,78.12699916511109,17.60199037076409,,2.9982322995578916,1957252.0280753423,8585038.968195008,1717659415.538786
0.5454028453160533,-3.0468890896327485,-0.07155849766729183,78.12699640799227,17.60199020973914,,3.061110326169163,1957252.0101701845,8585038.667094897,1717659415.6391659
0.6458994274210443,-3.0549007432702244,-0.05759586448357504,78.12699362001254,17.60199004075238,,3.121714454178758,1957251.9913797143,8585038.362695966,1717659415.7395654
0.6779541932863371,-3.0606869148397005,-0.05235987755982989,78.12699076922716,17.601989898913786,,3.185059790596562,1957251.9756079821,8585038.05108069,1717659415.839979
0.7478569541880343,-3.065815598478238,-0.04363323129985824,78.12698785052217,17.60198976883255,,3.256230937911076,1957251.9611436087,8585037.731865644,1717659415.9402893
0.6329755641452757,-3.071015642107385,-0.03316125537177334,78.12698486608268,17.601989646232667,,3.316626665882593,1957251.947511124,8585037.405340537,1717659416.0405881
0.5830568361572694,-3.0748725623970565,-0.027925268448028194,78.12698182293512,17.601989544558432,,3.3723976935937965,1957251.9362054646,8585037.072121533,1717659416.1408834
0.5837870289637787,-3.0777825375796755,-0.020943951856169794,78.12697872178394,17.60198945608399,,3.4308940974460533,1957251.9263675557,8585036.73237565,1717659416.241148
0.5147635748322317,-3.0805088021109572,-0.017453292519943295,78.12697556608899,17.60198936297916,,3.4824778476273823,1957251.9160147707,8585036.386689896,1717659416.3414161
0.523204934482294,-3.0823890522299484,-0.013962634224014097,78.12697235921918,17.6019892822748,,3.531280582176528,1957251.9070408556,8585036.035236921,1717659416.4416945
0.5293370735471312,-3.0840430157892262,-0.013962634224014097,78.12696910389033,17.60198920849181,,3.579257107735816,1957251.898836561,8585035.678378709,1717659416.5420454
0.26160614304840024,-3.085525356957307,-0.013962634224014097,78.12696584077004,17.60198909582035,,3.60442036837699,1957251.8863080665,8585035.321115408,1717659416.6422358
0.1569902407989038,-3.086848274594961,-0.012217304555900846,78.12696257273748,17.60198896826245,,3.6144045270921263,1957251.8721242754,8585034.96348499,1717659416.7424622
0.1130008827073507,-3.088412521217933,-0.010471975928084897,78.12695929342368,17.60198884378563,,3.6202875505478613,1957251.8582830844,8585034.60457919,1717659416.8426595
0.016985628981303288,-3.0896816826119484,-0.010471975928084897,78.12695600724355,17.60198872885896,,3.620236328506903,1957251.8455038215,8585034.2448081,1717659416.943077
-0.009722264857214996,-3.0907405332363442,-0.010471975928084897,78.12695271983486,17.601988619605226,,3.6139014309313935,1957251.8333553607,8585033.884836208,1717659417.043465
-0.041501742338041686,-3.0919223003927403,-0.010471975928084897,78.12694943696911,17.60198850933749,,3.6047352818435976,1957251.821094148,8585033.525375282,1717659417.1439497
-0.12951755508690133,-3.093036034083688,-0.010471975928084897,78.12694616401228,17.601988400855213,,3.5857674597354032,1957251.8090314688,8585033.166982494,1717659417.2442312
-0.08298626767550374,-3.0942748244130502,-0.010471975928084897,78.1269429035228,17.601988294956527,,3.5699081702468174,1957251.7972560725,8585032.809929723,1717659417.3445492
-0.20319289719410455,-3.0952087083595314,-0.010471975928084897,78.12693965861463,17.60198819322045,,3.542291982513113,1957251.7859435368,8585032.454540828,1717659417.4447231
-0.05746838750027776,-3.09599122354358,-0.010471975928084897,78.12693643293014,17.6019880989728,,3.524118350492855,1957251.7754636763,8585032.101177482,1717659417.5450144
-0.19985548732497824,-3.0968982060012666,-0.008726646259971648,78.12693323328207,17.601987975790944,,3.50023516610256,1957251.761766479,8585031.751010783,1717659417.645265
-0.13438810557189312,-3.097643904017899,-0.008726646259971648,78.12693005042875,17.601987851427303,,3.480336939469403,1957251.747937873,8585031.402703293,1717659417.7456071
-0.2903769451025287,-3.0981854161311504,-0.008726646259971648,78.12692688649896,17.601987728373654,,3.451329216883266,1957251.7342549313,8585031.056460032,1717659417.8458838
-0.7002112364729504,-3.0987965316517116,-0.0069813171120070485,78.1269237573211,17.60198760366085,,3.3963951998701964,1957251.7203875005,8585030.714054758,1717659417.9461615
-0.935154382953431,-3.0991326885242123,-0.0069813171120070485,78.1269206973944,17.601987475938284,,3.303439024677877,1957251.706185399,8585030.379294105,1717659418.0463579
-0.8512950889248309,-3.0996916839033286,-0.005235987964042448,78.1269177213892,17.60198734468346,,3.214590834135557,1957251.691590529,8585030.053796198,1717659418.1467962
-0.9880873400266159,-3.100026892115546,-0.0034906585560035243,78.12691482351991,17.601987220087913,,3.1263330996985568,1957251.677736136,8585029.736807065,1717659418.24701
-0.9182697370151337,-3.099782957819616,-0.0034906585560035243,78.12691201213124,17.601987110256697,,3.030015571104777,1957251.665523462,8585029.429149656,1717659418.3473356
-0.8861064020927014,-3.0994173178361515,-0.0034906585560035243,78.12690928580543,17.601987005760705,,2.939144389496049,1957251.6539040378,8585029.130777553,1717659418.4476593
-0.942178820974542,-3.0994622516630574,-0.0034906585560035243,78.12690664405217,17.60198689518118,,2.845471118160077,1957251.6416081556,8585028.841769328,1717659418.5478778
-1.0087916550273033,-3.0995675879020106,-0.0034906585560035243,78.12690409829312,17.60198679196039,,2.744633720218732,1957251.630130527,8585028.563224139,1717659418.6482244
-1.2727804337947906,-3.0995396471278904,-0.0034906585560035243,78.12690165088637,17.601986700033336,,2.623405977517516,1957251.6199087051,8585028.295355454,1717659418.7485092
-1.5635399280035625,-3.0998189822684283,-0.0034906585560035243,78.12689932899488,17.60198660300214,,2.473915892295801,1957251.6091193287,8585028.04133831,1717659418.8488
-1.6335738314007686,-3.099892787336004,-0.0034906585560035243,78.1268971528494,17.60198651611871,,2.3113264327128604,1957251.5994583322,8585027.803218858,1717659418.9491234
-1.639530166241307,-3.099880608540124,-0.0034906585560035243,78.12689513015843,17.601986439530066,,2.1444931670331515,1957251.5909420631,8585027.581842447,1717659419.049399
-1.6175946044227694,-3.0999956259815344,-0.0034906585560035243,78.1268932598496,17.60198636297616,,1.9820081668236673,1957251.5824296572,8585027.377210248,1717659419.1497593
-1.5880036694182629,-3.099857536632958,-0.0034906585560035243,78.12689154018565,17.601986293761062,,1.8214737694032448,1957251.5747332894,8585027.189046642,1717659419.2500765
-1.5884881632987173,-3.099983442106715,-0.0034906585560035243,78.12688997011823,17.601986221439073,,1.6599233593412168,1957251.5666914515,8585027.01735759,1717659419.3504052
-1.5824848307042978,-3.100178529179992,-0.0034906585560035243,78.12688854928089,17.601986145754378,,1.5004038508113127,1957251.5582756973,8585026.862105794,1717659419.4507096
-1.5580156117665762,-3.1001415866240825,-0.0034906585560035243,78.1268872769645,17.601986076469124,,1.3405621978765268,1957251.5505715285,8585026.723100094,1717659419.551103
-1.368543819724881,-3.1002392774273844,-0.0034906585560035243,78.12688614279647,17.601986014746544,,1.191268609343499,1957251.5437082904,8585026.599187199,1717659419.6514153
-1.386725983101166,-3.1003669913819722,-0.0034906585560035243,78.12688513021092,17.601985964364054,,1.055438303585719,1957251.5381060133,8585026.488502944,1717659419.7517972
-1.1984999478925569,-3.100404384492138,-0.0034906585560035243,78.12688424453968,17.601985918556615,,0.9236186120584964,1957251.5330124584,8585026.391711686,1717659419.8521397
-1.2878942690364,-3.100366646376015,-0.0034906585560035243,78.12688347672241,17.60198587377143,,0.7984214545903011,1957251.5280325732,8585026.307859037,1717659419.952465
-1.1875643705928263,-3.1003251325844023,-0.0034906585560035243,78.12688282683166,17.601985831060333,,0.6739454897652079,1957251.523283316,8585026.236940762,1717659420.0527852
-1.2520945535493213,-3.100484036771772,-0.0034906585560035243,78.12688229160855,17.6019857880994,,0.5264386759518562,1957251.5185062783,8585026.178625723,1717659420.153067
-1.2790139821180875,-3.100558611058777,-0.0034906585560035243,78.12688187394194,17.601985746870216,,0.4227490700791399,1957251.5139218022,8585026.13320837,1717659420.2533934
-1.3271228066997294,-3.100532686527618,-0.0034906585560035243,78.12688157802155,17.601985707357766,,0.2634734427843675,1957251.5095282183,8585026.101149272,1717659420.35381
-1.3513766885712712,-3.1006199925163256,-0.0034906585560035243,78.12688138935029,17.601985661358466,,0.12731685970324155,1957251.5044133293,8585026.080950562,1717659420.454531
-1.2320537716535849,-3.100670374344718,-0.0034906585560035243,78.12688136432561,17.601985632127786,,0.02858482824323599,1957251.501163026,8585026.078539763,1717659420.5548475
0.20773649371778252,-3.1005563313210196,-0.0034906585560035243,78.12688142863503,17.60198562148394,,0.030843467405337492,1957251.4999794846,8585026.085729908,1717659420.655214
0.42159663970128336,-3.1004817023189792,-0.0034906585560035243,78.12688146323391,17.601985622691842,,0.027266475037399766,1957251.5001137971,8585026.08951782,1717659420.7555153
-0.08885035469319606,-3.100490905228546,-0.0034906585560035243,78.12688146986983,17.601985620065964,,0.03720617025673961,1957251.4998218126,8585026.09027747,1717659420.8557715
-0.04716806779972657,-3.1005908856337254,-0.0034906585560035243,78.1268814843693,17.601985616646505,,0.021353623363062613,1957251.4994415862,8585026.09191042,1717659420.9559703
