a,psi,df,lon,lat,mode,v,y,x,t
-0.00780633123608,0.055755161708332,-0.001745329278002,78.1266609417371,17.6020193184926,,0.00207133496641,1957255.24691589,8585001.46651374,1717661716.14299
0.007130978991899,0.055763310433585,-0.001745329278002,78.1266609520535,17.6020193147673,,0.001962602531007,1957255.24650166,8585001.46769059,1717661716.24318
-0.006196242403769,0.05573265155152,-0.001745329278002,78.1266609622493,17.6020193117051,,0.002508827353674,1957255.24616115,8585001.46884648,1717661716.34339
0.057107813158462,0.055773195111165,-0.001745329278002,78.1266609724944,17.6020193078034,,0.00016319834386,1957255.24572731,8585001.47001752,1717661716.44359
0.284304089523628,0.055773440270463,-0.001745329278002,78.1266609917793,17.6020193049211,,0.018613212250796,1957255.24540681,8585001.47217009,1717661716.54383
0.418204192946337,0.055754513888112,-0.003490658556004,78.1266610415814,17.6020193031122,,0.061373965263136,1957255.24520567,8585001.47766361,1717661716.64405
0.437857021906535,0.05581656351158,-0.003490658556004,78.1266611316839,17.6020193012446,,0.104823809317903,1957255.244998,8585001.48758625,1717661716.74424
0.410139921152674,0.055779522259258,-0.003490658556004,78.1266612629588,17.6020193012673,,0.14770177142672,1957255.24500052,8585001.50201122,1717661716.84445
0.429761898151291,0.055723677555077,-0.003490658556004,78.126661432727,17.6020193020816,,0.188153770673144,1957255.24509108,8585001.52065687,1717661716.94466
0.400228004400717,0.055817978060874,-0.003490658556004,78.1266616398846,17.6020193025174,,0.227903363153424,1957255.24513953,8585001.54341546,1717661717.04487
0.388350339174838,0.055774565036953,-0.003490658556004,78.1266618845154,17.6020193059748,,0.2678396548065,1957255.24552397,8585001.57025678,1717661717.14506
0.45601727708404,0.055643950890925,-0.003490658556004,78.1266621686345,17.6020193107789,,0.312578902178824,1957255.24605816,8585001.60142168,1717661717.24528
0.490624140844488,0.055776184150734,-0.003490658556004,78.1266624958966,17.602019313192,,0.3588399108185,1957255.24632649,8585001.63735511,1717661717.34549
0.470409073454202,0.055884541723138,-0.003490658556004,78.1266628675331,17.6020193174244,,0.406076153277789,1957255.24679711,8585001.67814354,1717661717.44568
0.385734318922222,0.055743746326375,-0.003490658556004,78.1266632828535,17.6020193237814,,0.450370362946847,1957255.24750397,8585001.72370758,1717661717.54588
0.424689038202602,0.055649199536827,-0.003490658556004,78.1266638314201,17.6020193324081,,0.497494112375185,1957255.24846323,8585001.78388713,1717661717.64623
0.37762232717219,0.055695548466684,-0.003490658556004,78.1266643296146,17.6020193410527,,0.53612325210773,1957255.24942446,8585001.8385313,1717661717.74642
0.399107340977857,0.055583401800842,-0.003490658556004,78.1266648630348,17.6020193546579,,0.574028947088741,1957255.25093729,8585001.89698873,1717661717.84663
0.392221853010815,0.055472664540606,-0.003490658556004,78.1266653161618,17.6020193668072,,0.606218357709496,1957255.25228823,8585001.94663998,1717661717.94683
0.385031806922991,0.05557797423868,-0.003490658556004,78.1266660393755,17.6020193821758,,0.652317300926556,1957255.25399714,8585002.02593254,1717661718.04704
0.447674808814342,0.055606587148199,-0.001745329278002,78.1266666832728,17.6020193965144,,0.69564030787668,1957255.25559152,8585002.09652132,1717661718.14724
0.50137777538544,0.055577380355467,-0.001745329278002,78.1266673708854,17.6020194127124,,0.744837710168073,1957255.25739265,8585002.17189222,1717661718.24742
0.59050630545513,0.055501918331213,0,78.1266681075347,17.6020194320073,,0.80090841633346,1957255.25953815,8585002.25261561,1717661718.34765
0.729335192351323,0.055526186759424,0,78.1266689034017,17.6020194519969,,0.870413944549702,1957255.2617609,8585002.33983814,1717661718.44784
0.784253681756871,0.055586381829534,0,78.1266697694241,17.6020194745215,,0.948474728942923,1957255.26426552,8585002.43474033,1717661718.548
0.770277670228295,0.055586685801521,0,78.1266707075533,17.6020194993947,,1.02415490619119,1957255.26703129,8585002.53753879,1717661718.6482
0.825495071400475,0.055684599990527,0,78.1266717188671,17.6020195244301,,1.10382249502875,1957255.26981509,8585002.6483773,1717661718.74837
0.810827881630145,0.05569779907797,0,78.1266728074796,17.6020195493493,,1.18597671213669,1957255.27258599,8585002.76771118,1717661718.84855
0.807806699336174,0.05569122327392,0,78.1266739719512,17.6020195764794,,1.26621711616063,1957255.27560271,8585002.89535524,1717661718.94874
0.789872866496319,0.055801282166625,0,78.1266752062983,17.6020196124886,,1.34422834631749,1957255.27960676,8585003.03057464,1717661719.04894
0.79899089999059,0.055895945385693,0,78.1266765147643,17.6020196530126,,1.42527017870136,1957255.28411281,8585003.17388626,1717661719.14912
0.812440621885463,0.055929365282179,0,78.1266778967666,17.6020196951882,,1.50281527040057,1957255.28880253,8585003.32525932,1717661719.24935
0.754295474922099,0.056039691764995,0,78.1266793502588,17.6020197382157,,1.57663770823949,1957255.29358697,8585003.48447822,1717661719.34954
0.75336863687963,0.056197011663685,0,78.1266808719541,17.6020197827621,,1.64912424908227,1957255.2985403,8585003.65117404,1717661719.44976
0.741633439945566,0.056398986509267,0,78.1266824622219,17.6020198329625,,1.72163264981544,1957255.30412233,8585003.82533941,1717661719.54995
0.714605961294827,0.05648666150315,0,78.1266841202758,17.6020198859506,,1.79241224404562,1957255.31001434,8585004.00692117,1717661719.65018
0.746948706062347,0.056633754629412,0,78.1266858447031,17.602019941335,,1.86458683554815,1957255.3161728,8585004.19576861,1717661719.75037
0.734547888936927,0.056710571717936,0,78.1266876384647,17.6020199979492,,1.93731346432564,1957255.32246802,8585004.39222065,1717661719.85058
0.720893945332256,0.056734845051127,0,78.1266894998054,17.6020200555292,,2.00890280052448,1957255.32887062,8585004.59608746,1717661719.95078
0.746940664170891,0.056876027942845,0,78.1266914260383,17.6020201242828,,2.0818660647296,1957255.33651567,8585004.80695538,1717661720.05099
0.750520953058671,0.057059530677344,0,78.1266934193109,17.6020201948286,,2.15348479859567,1957255.34436,8585005.02516922,1717661720.15118
0.756295999949686,0.057235932857246,0,78.126695482166,17.6020202695567,,2.22805677604201,1957255.35266939,8585005.25098066,1717661720.25139
0.702844978700026,0.057497356053179,0,78.1266976122497,17.6020203433135,,2.29679324809757,1957255.36087078,8585005.48419083,1717661720.35156
0.66587201101603,0.057910450177232,0,78.1266998094897,17.6020204182279,,2.3676920024705,1957255.36920088,8585005.72476709,1717661720.45178
0.718301477424797,0.058338517450989,0,78.1267020734666,17.6020204912493,,2.43927528869203,1957255.37732048,8585005.97269874,1717661720.55197
0.729302556652452,0.058649480982488,0,78.1267044060528,17.6020205695766,,2.51367029717243,1957255.38603008,8585006.22810802,1717661720.65221
0.739296748052288,0.058911387566338,0,78.1267068072691,17.6020206563686,,2.58672615893283,1957255.39568092,8585006.49096058,1717661720.75242
0.705886232007858,0.059184124541895,0,78.1267092762554,17.6020207475832,,2.65733045070033,1957255.40582352,8585006.7612088,1717661720.85262
0.684645734980576,0.059740125193011,0.001745329278002,78.1267118105108,17.6020208360944,,2.72503890193467,1957255.41566551,8585007.03866052,1717661720.95282
0.669576208139449,0.060274298729093,0.003490658556004,78.1267144050428,17.6020209372006,,2.78829119819953,1957255.42690801,8585007.32258968,1717661721.05302
0.351690698826116,0.060953966188921,0.005235987964042,78.1267170555839,17.6020210408611,,2.83693411805828,1957255.43843453,8585007.6126438,1717661721.15324
0.189224814010452,0.062100329727323,0.005235987964042,78.1267197347331,17.6020211433059,,2.85543116976826,1957255.44982587,8585007.90585564,1717661721.25346
0.183128764522697,0.06300152527648,0.005235987964042,78.1267224313616,17.6020212588269,,2.87416623309555,1957255.46267122,8585008.20083654,1717661721.35368
0.030050119231107,0.063758904289826,0.005235987964042,78.1267251372021,17.6020213872123,,2.87784794711694,1957255.47694703,8585008.49668049,1717661721.45389
0.099949695694326,0.064411083925134,0.005235987964042,78.126727849257,17.6020215205084,,2.88623476385492,1957255.49176888,8585008.79315035,1717661721.55412
0.015034357013957,0.065138397633638,0.005235987964042,78.1267305639823,17.6020216501867,,2.88567404478683,1957255.50618845,8585009.0899556,1717661721.65448
0.028227858453424,0.066103445080178,0.006981317112007,78.1267332788382,17.6020217839076,,2.88607369502678,1957255.52105753,8585009.38672833,1717661721.75467
-0.154431682486731,0.067777331548,0.010471975928085,78.1267359906695,17.6020219066438,,2.87470510833702,1957255.53470517,8585009.68329611,1717661721.85496
-0.10196780048361,0.069701582538427,0.013962634224014,78.1267386860617,17.6020220296914,,2.85789844146467,1957255.54838745,8585009.97805385,1717661721.95507
-0.142998310405481,0.071661710818807,0.01570796285183,78.1267413675628,17.6020221577107,,2.8465614247218,1957255.56262253,8585010.27122748,1717661722.05526
-0.107558841296801,0.073532970198087,0.019198622188057,78.1267440335225,17.6020222962929,,2.83157445238775,1957255.57803218,8585010.56257082,1717661722.15548
0.004551098300145,0.075768137805452,0.02094395185617,78.1267466890708,17.6020224463629,,2.82703182165163,1957255.5947192,8585010.85263685,1717661722.25581
-0.090299857155654,0.078739432189535,0.024434609111802,78.1267493393961,17.602022598565,,2.81797801576765,1957255.6116433,8585011.14210422,1717661722.35601
-0.072592746434913,0.082144668047945,0.027925268448028,78.1267519840819,17.6020227496783,,2.81319799832933,1957255.62844633,8585011.43096451,1717661722.45619
0.188536024126044,0.085384394811341,0.03141592570366,78.1267546238049,17.6020229157492,,2.81395615499462,1957255.64691257,8585011.71910596,1717661722.55638
0.306593510088097,0.089287789144795,0.033161255371773,78.1267572789012,17.6020230872968,,2.84089727378819,1957255.66598779,8585012.00887319,1717661722.65659
0.409504174592183,0.093235872391939,0.034906585039887,78.1267599627604,17.6020232755657,,2.87807925997046,1957255.68692234,8585012.3016071,1717661722.75678
0.492266697368291,0.097237368803956,0.034906585039887,78.1267626851609,17.60202348017,,2.92347872325164,1957255.7096733,8585012.59838665,1717661722.85701
0.520515530390915,0.101758912349533,0.036651912627405,78.1267654506686,17.6020236909761,,2.97184798698622,1957255.73311388,8585012.89983114,1717661722.95719
0.601649028264165,0.106459304218963,0.038397244376113,78.1267682537489,17.6020239290779,,3.0301361392939,1957255.75958958,8585013.20508772,1717661723.05743
0.696002274339979,0.11176419610751,0.04188790371234,78.1267711146298,17.6020241808096,,3.09894772576903,1957255.78758087,8585013.51653764,1717661723.1576
0.721701469981734,0.117657380698173,0.043633231299858,78.1267740421309,17.6020244449357,,3.17137943735563,1957255.81695036,8585013.8351644,1717661723.25784
0.721968784008708,0.123700122624572,0.045378558887377,78.1267770357814,17.6020247322901,,3.24292925387882,1957255.84890271,8585014.16079061,1717661723.35804
0.757240740725577,0.129988031834657,0.047123890636085,78.1267800938304,17.6020250488905,,3.31547809249842,1957255.88410706,8585014.49315406,1717661723.45828
0.688690244504999,0.136866709749087,0.048869218223603,78.1267832182207,17.6020253891271,,3.38635552713885,1957255.92193965,8585014.8325333,1717661723.55849
0.769103828224554,0.144170057989296,0.050614549972311,78.1267864068034,17.6020257564113,,3.45741343728125,1957255.96277979,8585015.17865263,1717661723.65875
0.772221906683203,0.151674673832547,0.054105205147349,78.1267896629956,17.6020261489035,,3.53436255061022,1957256.00642293,8585015.53190888,1717661723.75893
0.712479837165443,0.159246256818426,0.054105205147349,78.1267929859791,17.6020265763872,,3.60679171165368,1957256.05395695,8585015.89209866,1717661723.85912
0.642447067936395,0.167339033323117,0.054105205147349,78.1267963717812,17.6020270402327,,3.67451576462297,1957256.10553422,8585016.25876953,1717661723.95932
0.58578827384451,0.175616765108919,0.054105205147349,78.1267997266611,17.6020220515154,,3.73649830284188,1957255.55081416,8585016.68528861,1717661724.05955
0.490425427830566,0.184029532182902,0.059341196232283,78.1268032171762,17.6020226236356,,3.79008018279246,1957255.61443102,8585017.06221002,1717661724.15972
0.517658053017088,0.193558702556632,0.06283185140732,78.126806768507,17.6020232249842,,3.83864415467526,1957255.68129793,8585017.44547519,1717661724.25993
0.389045448763393,0.204211827530446,0.066322510743547,78.1268103663465,17.602023844298,,3.87460144952953,1957255.75016249,8585017.8336426,1717661724.36013
0.335900030463411,0.214741505204499,0.066322510743547,78.1268140063491,17.6020245046359,,3.90859863643313,1957255.82358872,8585018.22596729,1717661724.46035
0.274068392258868,0.22492206141381,0.068067842492255,78.1268176601384,17.6020252205631,,3.92985482943209,1957255.90319619,8585018.61916213,1717661724.56055
0.196507323734607,0.235941147411293,0.069813170079773,78.1268213252887,17.6020259733962,,3.9532482539875,1957255.98690741,8585019.0131773,1717661724.66078
0.178332408390347,0.247804484629571,0.075049161164708,78.12682500594,17.6020267554739,,3.96924262654814,1957256.07387048,8585019.4085566,1717661724.76098
0.147974372377699,0.259608837939283,0.076794488752226,78.1268287233218,17.6020275863317,,3.9852789283688,1957256.16625765,8585019.80740623,1717661724.86123
0.1992801017894,0.271692900100137,0.076794488752226,78.1268319183382,17.6020339564474,,3.99968604784424,1957256.8745822,8585020.08460361,1717661724.96148
0.17279121935888,0.283986159517479,0.076794488752226,78.1268355171954,17.6020349106026,,4.01279928522838,1957256.98067942,8585020.4689989,1717661725.06167
0.137882085482771,0.2965030355958,0.078539816339745,78.1268391131516,17.6020359134854,,4.02367874694642,1957257.09219489,8585020.8525102,1717661725.16187
0.167824552657319,0.308949404122463,0.080285143927264,78.1268427108893,17.6020369587496,,4.0382488388019,1957257.20842297,8585021.23572567,1717661725.26208
0.263246646567634,0.321459619057955,0.083775807424679,78.1268463118119,17.6020380524325,,4.05989304529915,1957257.33003496,8585021.61872949,1717661725.36227
0.263859289517658,0.335482234472515,0.085521135012198,78.1268499254466,17.6020391788902,,4.08359717275978,1957257.45529135,8585022.00275001,1717661725.46258
0.174139205434484,0.349739065051351,0.087266462599717,78.1268535398302,17.6020403662683,,4.09704532725335,1957257.58732177,8585022.38614618,1717661725.56279
0.104931946796656,0.363882351923258,0.089011790187235,78.1268571422959,17.6020416142969,,4.09939644402799,1957257.72609622,8585022.76752925,1717661725.663
0.102089599460553,0.378683265100688,0.09424778127217,78.1268607340628,17.602042911874,,4.10842002905185,1957257.8703802,8585023.14716194,1717661725.76321
0.06118499477433,0.394256939351954,0.095993108859688,78.1268643159343,17.6020442550526,,4.11372668730838,1957258.01973485,8585023.52517831,1717661725.86346
0.128830785863121,0.410282077565094,0.101229099944622,78.126867880111,17.6020456557028,,4.11999614703325,1957258.17548005,8585023.90058364,1717661725.96368
-0.003556920859369,0.42682145718102,0.102974427532141,78.1268713818064,17.6020471105499,,4.11983991456356,1957258.33725166,8585024.26849452,1717661726.06391
0.000987115969397,0.443868798981824,0.102974427532141,78.1268748559792,17.6020486149869,,4.11708872217968,1957258.50453743,8585024.63280584,1717661726.16415
0.020556556719063,0.460644097046889,0.10471975511966,78.1268783000934,17.6020501849227,,4.11551427213009,1957258.67910632,8585024.9930544,1717661726.26436
0.029607782786447,0.477807461614365,0.106465082707178,78.1268817149265,17.602051814523,,4.11417616338512,1957258.86030961,8585025.34939333,1717661726.36459
-0.009962722520802,0.495435176691025,0.108210410294697,78.1268851034731,17.6020534989954,,4.11301679584234,1957259.04761439,8585025.70220726,1717661726.46479
-0.023706211147448,0.513057740253595,0.108210410294697,78.1268884604253,17.6020552429553,,4.10919235615879,1957259.24153388,8585026.05085938,1717661726.56502
-0.35433594954476,0.530307938142168,0.108210410294697,78.1268917795912,17.6020570407811,,4.09109429515309,1957259.44144299,8585026.39473452,1717661726.66524
-0.132225753330092,0.54723219000368,0.108210410294697,78.126895047769,17.6020588877212,,4.07369294022381,1957259.64681336,8585026.73243711,1717661726.76549
-0.17298692525653,0.564517771619986,0.108210410294697,78.1268982717793,17.6020607879698,,4.0601122097891,1957259.85811137,8585027.06466796,1717661726.86572
-0.021533958788014,0.581792727375284,0.108210410294697,78.1269014516012,17.6020627383188,,4.05376731095151,1957260.07498028,8585027.39146202,1717661726.96598
-0.212600373366149,0.598771512379629,0.108210410294697,78.126904535347,17.6020647333309,,4.0307635792773,1957260.2968155,8585027.70718061,1717661727.06618
-0.110872603782795,0.615732085635197,0.108210410294697,78.1269075591847,17.6020667720721,,4.01057458854833,1957260.52351318,8585028.01580893,1717661727.1664
-0.110210587076596,0.633308725794869,0.108210410294697,78.1269105398972,17.6020688479227,,3.99617817690623,1957260.75433723,8585028.31926795,1717661727.26671
-0.096470727749025,0.650668037610347,0.108210410294697,78.1269134737261,17.6020709640804,,3.97966441521539,1957260.98964323,8585028.61710759,1717661727.36694
-0.162153511788309,0.670392863555327,0.108210410294697,78.1269169153731,17.602073578487,,3.95472351277315,1957261.28035199,8585028.96496978,1717661727.4675
-0.230593027097357,0.687526980846207,0.108210410294697,78.1269197389158,17.6020757855029,,3.933980355145,1957261.52576095,8585029.24963665,1717661727.56768
-0.322476091815842,0.704387336495997,0.108210410294697,78.1269224972717,17.6020780377723,,3.9037581625475,1957261.77620189,8585029.5266155,1717661727.66791
-0.207279111748933,0.721117702439428,0.108210410294697,78.1269252006536,17.6020803188453,,3.88069822512654,1957262.02984564,8585029.79721937,1717661727.76818
-0.150346507170906,0.738002353907458,0.108210410294697,78.1269278471566,17.6020826386074,,3.86402070404598,1957262.28779141,8585030.06112431,1717661727.86843
-0.104371071779171,0.751169667749099,0.108210410294697,78.1269299268445,17.6020845215417,,3.85369718014186,1957262.49716415,8585030.26781132,1717661727.9686
-0.230404464276039,0.77095238342545,0.108210410294697,78.1269330033955,17.6020873205116,,3.82655242740943,1957262.8083954,8585030.57341383,1717661728.06882
-0.240836101058737,0.787589759519269,0.108210410294697,78.1269355132756,17.6020896729896,,3.79833108196502,1957263.06997902,8585030.82192636,1717661728.16904
-0.160234857502157,0.804255687464007,0.108210410294697,78.1269379712646,17.602092048969,,3.7780574883318,1957263.33417588,8585031.0644642,1717661728.26924
-0.086039286730343,0.820280803653378,0.108210410294697,78.1269403666062,17.6020944545459,,3.75436971190631,1957263.60166383,8585031.29977466,1717661728.3694
-0.185441858954131,0.835979115310886,0.108210410294697,78.1269427012705,17.6020968957178,,3.73505439031387,1957263.87310976,8585031.52800468,1717661728.46958
-0.244646335129419,0.852411237440229,0.108210410294697,78.1269449908875,17.6020993535281,,3.71029868379792,1957264.14640579,8585031.75109163,1717661728.56975
-0.132520514701768,0.868693056646243,0.108210410294697,78.126947215299,17.6021018364978,,3.68613848067214,1957264.42249943,8585031.9667216,1717661728.66995
-0.29726224093792,0.884773879574157,0.108210410294697,78.1269493830178,17.6021043403467,,3.65767007601131,1957264.70091472,8585032.17587967,1717661728.77014
-0.374143686377916,0.900654697841259,0.109955746204594,78.1269514943379,17.6021068570669,,3.62321551476394,1957264.98076124,8585032.37869102,1717661728.87033
-0.428033958559528,0.91666784700511,0.111701073792113,78.1269535352126,17.6021093799848,,3.57976400248053,1957265.26129691,8585032.57368953,1717661728.97049
-0.391269920245386,0.933069780645777,0.11519172896715,78.1269555345506,17.6021118850184,,3.54574209170103,1957265.53984393,8585032.7643312,1717661729.0707
-0.29110382550626,0.950038614660166,0.116937056554669,78.1269574812167,17.6021143893478,,3.51236517935474,1957265.81831266,8585032.94919314,1717661729.17088
-0.360419284877039,0.966581089440453,0.118682392464566,78.1269593549652,17.6021169098165,,3.47708922999929,1957266.09857599,8585033.12585527,1717661729.2711
-0.472595472802607,0.983311425523397,0.118682392464566,78.12696115829,17.60211943699,,3.43348164852361,1957266.37958486,8585033.29470106,1717661729.37127
-0.203021567529539,1.00011910871936,0.120427720052084,78.1269628971338,17.602121966806,,3.40736923737591,1957266.66088757,8585033.45643067,1717661729.47143
-0.224513381877501,1.01657683062036,0.122173047639603,78.1269645691857,17.6021245139504,,3.38304361410559,1957266.94411711,8585033.61061979,1717661729.57162
-0.187093276672794,1.03316244622262,0.123918375227122,78.1269661825179,17.6021270795773,,3.36793076535637,1957267.2294018,8585033.75814208,1717661729.67181
-0.149220199591551,1.05075026271484,0.127409038724537,78.1269677504789,17.6021296531758,,3.34989699666038,1957267.5155729,8585033.90058624,1717661729.77201
-0.123467776148145,1.0686128747754,0.134390349074612,78.1269692635252,17.6021322413797,,3.33456560647823,1957267.80336804,8585034.03682665,1717661729.87219
-0.071538646081205,1.08286569196975,0.139626340159546,78.126970716728,17.6021348446304,,3.32059126355719,1957268.09283631,8585034.16631657,1717661729.97239
-0.060063199721838,1.10600303813833,0.150098322329415,78.1269721283436,17.6021374242437,,3.30923139751548,1957268.37967622,8585034.29151083,1717661730.07259
-0.076457114453281,1.12707792012071,0.155334296769593,78.1269734914862,17.6021400179426,,3.2968455126095,1957268.66808238,8585034.41121521,1717661730.1728
0.006652459047233,1.14837965540537,0.164060943029564,78.1269747725865,17.6021426429926,,3.29201967381549,1957268.95997462,8585034.52154067,1717661730.27299
0.036902659633779,1.17011790142501,0.167551614849358,78.1269759866551,17.6021452957964,,3.28886328316223,1957269.25495295,8585034.62417836,1717661730.3732
0.022433560939747,1.19272398238647,0.172787589289536,78.1269771433943,17.6021479746373,,3.29131670049051,1957269.55282646,8585034.72021435,1717661730.47336
0.02973524515374,1.21609682703444,0.174532925199433,78.1269782387544,17.6021506812207,,3.29164961499185,1957269.8537848,8585034.80918386,1717661730.57357
-0.02471574673569,1.24021205387326,0.17802358037447,78.1269792749882,17.6021534116725,,3.28950202599814,1957270.15739719,8585034.89137936,1717661730.67384
0.09255853579177,1.26439184705612,0.179768916284367,78.1269802312714,17.6021561708356,,3.29444417439472,1957270.46420213,8585034.9644564,1717661730.77406
0.049854637893386,1.28821555157259,0.183259571459405,78.1269811142649,17.6021589610706,,3.30111664203785,1957270.77446211,8585035.02911954,1717661730.87424
0.090363824791095,1.31278502294227,0.185004907369302,78.1269819285942,17.6021617715893,,3.30626434749534,1957271.08697753,8585035.08600217,1717661730.97444
0.110855056100297,1.33900191024823,0.191986217719376,78.126982627315,17.6021645614783,,3.31122277288872,1957271.39719903,8585035.13042038,1717661731.07465
0.009838317366613,1.36601647133968,0.197222208804311,78.1269832582057,17.6021673730491,,3.31016791262258,1957271.70983144,8585035.16713352,1717661731.17486
-0.030262472794583,1.3936784890372,0.204203519154385,78.1269838068572,17.6021702024435,,3.30463848371763,1957272.02444574,8585035.19460301,1717661731.27504
0.178705982394814,1.4219234561575,0.207694174329422,78.1269842763319,17.6021730472899,,3.30907008409669,1957272.34077823,8585035.21319287,1717661731.37528
-0.091387618387851,1.4498512515346,0.212930165414357,78.1269846436144,17.6021759143903,,3.30414516037765,1957272.65958525,8585035.22029513,1717661731.47547
0.052819986377846,1.47864335812089,0.212930165414357,78.126984920543,17.6021787922216,,3.30519204387058,1957272.97958549,8585035.21734431,1717661731.57567
0.116450586050208,1.5086931479416,0.214675501324254,78.1269851115201,17.6021816843445,,3.31087629806624,1957273.30117488,8585035.20478286,1717661731.67586
0.038251448798497,1.53877764989966,0.214675501324254,78.1269852082509,17.6021845898555,,3.31305711654276,1957273.62425296,8585035.18170981,1717661731.77608
0.07582280136142,1.56850245053184,0.216420820589394,78.1269852086725,17.602187503199,,3.31575431265564,1957273.94820198,8585035.1479629,1717661731.8763
0.116436571910747,1.59824030457111,0.216420820589394,78.1269851180313,17.6021904198373,,3.32692649746924,1957274.27251736,8585035.10417126,1717661731.97653
-0.061584284814393,1.62811399309964,0.218166156499291,78.1269849246863,17.6021932643792,,3.32340836764152,1957274.58881599,8585035.04993024,1717661732.07672
-0.072289654032499,1.65867176303701,0.219911492409188,78.1269846464571,17.6021961029228,,3.31475537962891,1957274.90444764,8585034.98643122,1717661732.1769
-0.016832105442686,1.68907817359496,0.223402147584226,78.1269842692125,17.6021989283098,,3.30383369242369,1957275.21861633,8585034.91220444,1717661732.27713
0.072130598718676,1.71936296887187,0.226892802759263,78.126983785397,17.6022017420271,,3.30490752319155,1957275.53148743,8585034.82640239,1717661732.37733
0.076040276270091,1.75022924914386,0.233874113109337,78.1269831954019,17.6022045488477,,3.30966132324529,1957275.84359164,8585034.72901274,1717661732.47755
0.073111548697735,1.78222083873295,0.237364784929132,78.1269825178314,17.6022073471116,,3.31308285329814,1957276.15474438,8585034.62209904,1717661732.57776
0.108876696275953,1.81534255994306,0.244346095279206,78.1269817541057,17.6022101348996,,3.31646868775852,1957276.46473227,8585034.50583964,1717661732.67796
0.11383658870505,1.84919820018566,0.247836750454243,78.1269808948075,17.6022129143797,,3.32832591831912,1957276.77379636,8585034.37917456,1717661732.77817
0.079535834337676,1.88333160050525,0.253072741539178,78.1269799256051,17.6022156755513,,3.33301145405444,1957277.08082462,8585034.24064494,1717661732.87836
0.168317233035268,1.91800352378157,0.254818077449075,78.1269788450203,17.602218401566,,3.34195889623966,1957277.38394364,8585034.0902838,1717661732.97857
0.280276698973852,1.95322175614696,0.254818077449075,78.126977684058,17.602221036309,,3.36052443690363,1957277.67691369,8585033.93214901,1717661733.07875
0.221346822235391,1.98864453205492,0.254818077449075,78.1269764107074,17.6022236497161,,3.37531023618055,1957277.9675113,8585033.76191186,1717661733.17895
0.25913503290839,2.02505895469364,0.254818077449075,78.126975034965,17.6022262397631,,3.39053689048638,1957278.25551138,8585033.58069428,1717661733.27907
0.225872895275789,2.06218678450508,0.254818077449075,78.1269735681798,17.6022288147927,,3.41164155545273,1957278.54184161,8585033.38964658,1717661733.37928
0.279497175877031,2.09821322598304,0.254818077449075,78.1269719849084,17.6022313588767,,3.43400765897262,1957278.82473085,8585033.18615768,1717661733.47946
0.141221459723543,2.13386926467887,0.254818077449075,78.1269702785609,17.6022338593854,,3.44402401234239,1957279.10277473,8585032.96964993,1717661733.57966
0.280647618977785,2.17038430316738,0.251327405629281,78.1269684639909,17.6022363105587,,3.45572801893723,1957279.37533276,8585032.74182233,1717661733.67984
0.348758767009981,2.20671764500153,0.247836750454243,78.1269665304507,17.6022387080035,,3.47367146575525,1957279.64191647,8585032.50154485,1717661733.78004
0.38708799878689,2.24218226740464,0.246091431189103,78.1269644795397,17.6022410570243,,3.50175676771707,1957279.90311566,8585032.24893169,1717661733.88026
0.237870195077819,2.27784098039805,0.246091431189103,78.1269623394001,17.6022433571837,,3.52102015785007,1957280.15888171,8585031.98708035,1717661733.98046
0.185473690443011,2.31414759968722,0.246091431189103,78.1269602011312,17.6022455459178,,3.52654012696041,1957280.40225784,8585031.72672706,1717661734.08067
0.275422974654232,2.35012288359629,0.246091431189103,78.1269579623545,17.6022476659154,,3.53758107556806,1957280.63799082,8585031.4561267,1717661734.18096
0.218258575360805,2.38523008528507,0.246091431189103,78.1269556080208,17.6022497070878,,3.55510973411469,1957280.86495883,8585031.17374263,1717661734.28115
0.186311424689462,2.42081952063516,0.246091431189103,78.1269531535557,17.6022516719774,,3.56372157125454,1957281.08344459,8585030.88124039,1717661734.38138
0.241194789575595,2.45745561114312,0.246091431189103,78.1269506085895,17.6022535650055,,3.58007093995609,1957281.2939397,8585030.57962692,1717661734.48154
0.300243812419411,2.49428198446281,0.246091431189103,78.1269479748878,17.6022553901091,,3.60078742731082,1957281.49688197,8585030.26905061,1717661734.58174
0.213279511621351,2.53087182251151,0.247836750454243,78.1269452494911,17.60225713978,,3.61947866629056,1957281.6914365,8585029.94927329,1717661734.68191
0.164913213833084,2.56770609733992,0.247836750454243,78.1269424356658,17.6022588013842,,3.62826330606105,1957281.87619846,8585029.62080048,1717661734.7821
0.227029726687732,2.60460331414663,0.247836750454243,78.1269395382865,17.602260367198,,3.64066259040788,1957282.050309,8585029.28425741,1717661734.88231
0.198667089680237,2.64138486383697,0.247836750454243,78.1269365654537,17.6022618270374,,3.65273756484886,1957282.21263574,8585028.94065233,1717661734.98255
0.195366251833644,2.67859656052001,0.247836750454243,78.1269336615359,17.6022632457776,,3.66827623334588,1957282.37039245,8585028.60509675,1717661735.08274
0.141561160041155,2.71642447129275,0.247836750454243,78.1269306899042,17.6022645716074,,3.67755130556203,1957282.517818,8585028.2631781,1717661735.18293
0.186390388982412,2.75426657487121,0.247836750454243,78.1269276541413,17.6022657971557,,3.68859637743412,1957282.65409275,8585027.91537557,1717661735.28307
0.138052693140715,2.79174319950615,0.247836750454243,78.1269245484351,17.6022669054487,,3.70248890866559,1957282.77732931,8585027.56124738,1717661735.38337
0.084901850552587,2.82922193940936,0.247836750454243,78.126921381908,17.6022678989534,,3.70949402987827,1957282.88780199,8585027.20176733,1717661735.48356
0.087314860086497,2.86681593585399,0.247836750454243,78.1269181669683,17.6022687771623,,3.71054089209114,1957282.98545437,8585026.83830481,1717661735.58377
0.163870551330531,2.90400942348603,0.246091431189103,78.1269149028296,17.6022695207886,,3.71774393642297,1957283.06814184,8585026.47099712,1717661735.68397
0.086853694639947,2.94114922646073,0.242600759369309,78.1269115932168,17.6022701481261,,3.7310170677886,1957283.13789859,8585026.10004136,1717661735.78418
0.138582278136514,2.97769382734578,0.235619449019234,78.1269082469751,17.6022706613504,,3.73616303779413,1957283.19496653,8585025.72638429,1717661735.88438
0.081757195719647,3.01385141022397,0.232128793844197,78.126904878837,17.6022710631263,,3.74414509235288,1957283.23964196,8585025.35161385,1717661735.9846
0.13980465419219,3.04908660557496,0.225147466849366,78.1269015968212,17.6022713994916,,3.75593722184226,1957283.27704408,8585024.98706575,1717661736.0848
-0.03457408363385,3.08288814911175,0.219911492409188,78.1268982933124,17.6022716096953,,3.75222036552404,1957283.30041767,8585024.62161931,1717661736.185
0.085365815732182,3.11538884426244,0.20943951023932,78.1268949791466,17.6022716890999,,3.75457173803894,1957283.30924705,8585024.256519,1717661736.28525
-0.00720279693745,-3.1359293862483,0.200712863979348,78.126891652682,17.6022716648657,,3.76071698159307,1957283.30655233,8585023.89126939,1717661736.3855
0.072640596845517,-3.10579127612141,0.185004907369302,78.1268883164851,17.6022715327087,,3.76303411700337,1957283.29185715,8585023.5262022,1717661736.48572
-0.073918550697386,-3.07824538315407,0.17802358037447,78.1268849728903,17.6022712949905,,3.76725500206612,1957283.26542409,8585023.16154655,1717661736.58596
-0.01466417022094,-3.05232583923735,0.164060943029564,78.1268816290312,17.6022709643821,,3.76843869830008,1957283.22866212,8585022.79793933,1717661736.68614
-0.067609446820527,-3.02783756195849,0.153588977504452,78.1268782891332,17.6022705418341,,3.76658764394071,1957283.18167691,8585022.43583384,1717661736.78632
0.071683238645209,-3.00535817313414,0.137881012572028,78.1268749555297,17.6022700356456,,3.76960909639793,1957283.12539132,8585022.0753902,1717661736.8865
0.020280337370357,-2.98508685645009,0.130899693899575,78.1268716387606,17.6022694594913,,3.76426062284571,1957283.06132589,8585021.71760799,1717661736.9867
0.037153689936644,-2.96654147546226,0.11519172896715,78.126868345068,17.6022689776788,,3.76886766740314,1957283.00775078,8585021.36126724,1717661737.0869
0.021694457183052,-2.94973089877262,0.10471975511966,78.126865063134,17.6022684233042,,3.76403595569791,1957282.94610714,8585021.00706028,1717661737.18709
0.073541504678707,-2.93505415566258,0.083775807424679,78.126861793601,17.6022678028286,,3.76016547587052,1957282.8771134,8585020.65498274,1717661737.28727
0.064147324659277,-2.92260257898443,0.069813170079773,78.1268585336686,17.6022671276121,,3.76115079456848,1957282.80203276,8585020.30459514,1717661737.38747
0.045586032017272,-2.91313144545578,0.04188790371234,78.1268552811333,17.6022664096303,,3.7555264193207,1957282.72219682,8585019.95551644,1717661737.48765
-0.015553846089015,-2.90699019699434,0.027925268448028,78.126852039843,17.6022656562809,,3.74759772288866,1957282.63842819,8585019.60808364,1717661737.58785
-0.01770737742095,-2.90362266617007,0.003490658556004,78.1268488080469,17.6022648915968,,3.73423823010499,1957282.5533992,8585019.26182558,1717661737.68823
-0.120634095486535,-2.90355412039638,-0.008726646259972,78.1268449448201,17.6022639535358,,3.71569062406291,1957282.44909157,8585018.84819346,1717661737.78848
-0.031320970372496,-2.90634321081626,-0.027925268448028,78.1268417374912,17.6022631597943,,3.7047747647755,1957282.36083155,8585018.50496105,1717661737.88884
-0.091064085472743,-2.91116835391384,-0.038397244376113,78.1268384942336,17.6022624315467,,3.6916882913089,1957282.27985411,8585018.15702089,1717661737.98904
-0.13850889207476,-2.91822071290193,-0.059341196232283,78.1268351032479,17.6022618511138,,3.67870275681862,1957282.21531291,8585017.79113297,1717661738.08923
-0.32574891993772,-2.92820347084095,-0.076794488752226,78.1268317234915,17.6022612894695,,3.6542753110741,1957282.15286091,8585017.42626105,1717661738.18941
-0.177151118280214,-2.94193198083534,-0.113446401379631,78.126828358071,17.6022607388739,,3.64013178331493,1957282.09163748,8585017.06283627,1717661738.28962
-0.120799991373803,-2.95948261481972,-0.130899693899575,78.1268249969833,17.6022602216354,,3.62776246524532,1957282.03412318,8585016.69950067,1717661738.38983
-0.302200778157968,-2.97965298457223,-0.15707963267949,78.126821640789,17.6022597811162,,3.59672445562147,1957281.98513969,8585016.3358129,1717661738.49002
-0.348324944327818,-3.00250162193393,-0.169296934114499,78.1268182943165,17.6022594272514,,3.56789064093451,1957281.94579171,8585015.97218825,1717661738.59022
-0.194647139787818,-3.02823879990856,-0.190240881809479,78.1268149598483,17.6022591479956,,3.54889618434297,1957281.91473989,8585015.60901728,1717661738.69041
-0.119322298419726,-3.05618369350533,-0.198967528069451,78.1268116253248,17.6022589477086,,3.54188118391202,1957281.89246898,8585015.24492423,1717661738.79061
-0.220774273482021,-3.08630676466782,-0.212930165414357,78.1268082965032,17.6022588163846,,3.52347210255427,1957281.87786643,8585014.88065782,1717661738.8908
-0.211705795465388,-3.11755678366927,-0.216420820589394,78.1268049118876,17.6022588269979,,3.5009411424583,1957281.87904657,8585014.50861403,1717661738.99099
-0.342972076073571,3.13455847991136,-0.223402147584226,78.1268013637434,17.6022590540782,,3.47480504820086,1957281.90429675,8585014.11608989,1717661739.09108
-0.219926359327894,3.10330666720448,-0.225147466849366,78.1267978429115,17.6022593976077,,3.45961220696718,1957281.94249548,8585013.72521623,1717661739.19126
-0.066956644763682,3.07146179625989,-0.226892802759263,78.1267943437193,17.6022598461447,,3.45778619950516,1957281.99237052,8585013.33550244,1717661739.29144
-0.134832987196164,3.03913351990633,-0.226892802759263,78.1267908541538,17.6022603818377,,3.46270808982425,1957282.05193686,8585012.94583551,1717661739.39163
-0.12671541035931,3.006977042628,-0.226892802759263,78.1267873851832,17.6022610073591,,3.45813268744913,1957282.12149168,8585012.5573897,1717661739.49182
-0.162017251225848,2.97504895056814,-0.226892802759263,78.1267839425163,17.6022617256296,,3.45134190703598,1957282.20135971,8585012.17075845,1717661739.592
-0.164261873604252,2.94335210399644,-0.226892802759263,78.1267805375458,17.6022625355149,,3.43763627568996,1957282.29141485,8585011.78720681,1717661739.69222
-0.223204134661468,2.91219993139731,-0.22863813866916,78.1267771743081,17.6022634433887,,3.42690955424906,1957282.3923658,8585011.40710439,1717661739.79241
-0.195476521398579,2.88100687706483,-0.233874113109337,78.1267738551233,17.6022644567892,,3.42122200890158,1957282.5050508,8585011.03061869,1717661739.89262
-0.205515142275275,2.84831890308947,-0.233874113109337,78.1267705772897,17.6022655986979,,3.41148097950169,1957282.63202526,8585010.65718628,1717661739.99283
-0.237988180074823,2.81498511331047,-0.244346095279206,78.1267673616819,17.6022668687795,,3.40288141802836,1957282.77325188,8585010.28910484,1717661740.09305
-0.219516970474417,2.78143548102156,-0.24958208636414,78.1267641979602,17.6022682286663,,3.38806521610311,1957282.9244644,8585009.92568324,1717661740.19333
-0.088632495178642,2.74710854504845,-0.251327405629281,78.1267610884752,17.6022696819709,,3.38480894756548,1957283.0860645,8585009.56713787,1717661740.29349
-0.142901317217964,2.71260809766381,-0.256563396714215,78.126758028059,17.60227122564,,3.3810112975444,1957283.25771266,8585009.21293629,1717661740.3937
-0.249036814899172,2.67816688717301,-0.260054051889252,78.126755033273,17.6022728605999,,3.36191096403766,1957283.43951192,8585008.86488759,1717661740.49386
-0.208423490797262,2.64398444096004,-0.261799387799149,78.1267521118443,17.6022745855464,,3.34875801253337,1957283.63131722,8585008.52385601,1717661740.59406
-0.07620450288433,2.60918643411242,-0.265290042974187,78.1267492509894,17.602276391814,,3.35215731048687,1957283.83216501,8585008.18853734,1717661740.69428
-0.181824786979414,2.57418535430232,-0.267035378884084,78.1267464444558,17.6022782805959,,3.35421835880931,1957284.04218797,8585007.85823067,1717661740.79449
-0.231612726239616,2.539444791132,-0.267035378884084,78.1267437123185,17.6022802521283,,3.34150956514933,1957284.26141237,8585007.53513921,1717661740.89469
-0.171250960854098,2.50496801460716,-0.267035378884084,78.1267410853905,17.6022823187574,,3.33824539138639,1957284.49121105,8585007.22250569,1717661740.99491
-0.05324652578184,2.47036945898089,-0.267035378884084,78.1267386377096,17.6022844689706,,3.33906114509205,1957284.73030384,8585006.92859931,1717661741.0951
0.085912389046191,2.43568629008403,-0.267035378884084,78.126736251119,17.6022866937562,,3.35075496311038,1957284.97768871,8585006.64054087,1717661741.19529
-0.091295757134737,2.40104212438991,-0.265290042974187,78.1267339172413,17.6022889837039,,3.35242007875638,1957285.23231927,8585006.35751897,1717661741.29545
-0.063394169050885,2.36725999746712,-0.261799387799149,78.126731660998,17.6022913468222,,3.3509646707334,1957285.49508604,8585006.08217924,1717661741.39566
0.038837255620085,2.33453634371753,-0.253072741539178,78.1267294834584,17.6022937844507,,3.35822797445322,1957285.76613797,8585005.81462362,1717661741.49587
-0.00119530818166,2.30302321613508,-0.246091431189103,78.1267273878747,17.6022962994817,,3.3665941668406,1957286.04579665,8585005.55517595,1717661741.59604
0.070133736306538,2.27218850751802,-0.2303834579343,78.1267253689151,17.6022988835392,,3.37582549689867,1957286.33313074,8585005.30334749,1717661741.69625
0.21814193886975,2.24287051014866,-0.221656811674328,78.1267234144947,17.6023015334272,,3.40068880328231,1957286.62778484,8585005.05784736,1717661741.79645
0.174946787555147,2.21607956406483,-0.204203519154385,78.1267215265364,17.6023042478073,,3.41757589345503,1957286.92961014,8585004.81890238,1717661741.89663
0.147191910245576,2.19063447902153,-0.195476872894414,78.126719713354,17.6023069925136,,3.43357308384162,1957287.23480755,8585004.58782243,1717661741.99686
0.053926449192176,2.16617189327511,-0.172787589289536,78.1267180461366,17.6023097202872,,3.4429015303181,1957287.53812214,8585004.37297834,1717661742.09706
0.107628998563538,2.14434624505747,-0.158824968589387,78.1267164467439,17.6023124984198,,3.45318582930956,1957287.84703639,8585004.16500307,1717661742.19723
-0.008815957522148,2.12622516419284,-0.134390349074612,78.1267149164774,17.6023153274941,,3.45951446917796,1957288.1616151,8585003.96403287,1717661742.29745
0.201871634736495,2.11043120297731,-0.122173047639603,78.1267134427671,17.6023181979797,,3.47751765449042,1957288.48079853,8585003.76879703,1717661742.39762
0.153313289534922,2.0960259146802,-0.101229099944622,78.1267120033631,17.6023211075853,,3.497653766408,1957288.80433192,8585003.57687719,1717661742.49781
0.067041693731088,2.08353286318656,-0.087266462599717,78.1267105978171,17.6023240496327,,3.50848441442958,1957289.13147267,8585003.38830153,1717661742.59801
-0.012176449737342,2.07334318073974,-0.064577183156028,78.126709220951,17.602327015928,,3.51678003665207,1957289.46130965,8585003.20259613,1717661742.69818
0.138944565588189,2.06551458709226,-0.055850536896056,78.1267078664367,17.6023300015307,,3.53060965831394,1957289.79329352,8585003.01912289,1717661742.79836
0.047266811692314,2.05945218379772,-0.04188790371234,78.1267065242782,17.602333004664,,3.53943351120187,1957290.12722671,8585002.83680403,1717661742.89852
0.105041739063841,2.05426535366416,-0.03141592570366,78.126705199409,17.6023359666739,,3.55198445805627,1957290.45658718,8585002.65686202,1717661742.99869
0.037243196003836,2.05127443345072,-0.008726646259972,78.1267038819768,17.6023387576014,,3.55492388317369,1957290.76692416,8585002.47972172,1717661743.09886
0.21898493200875,2.05122868896986,0,78.1267025847413,17.6023415683655,,3.56705130197368,1957291.07946687,8585002.30457063,1717661743.19906
0.096764616266078,2.0524434216195,0.010471975928085,78.1267012757212,17.6023443883265,,3.57343997926482,1957291.39303223,8585002.1280179,1717661743.29922
0.067487600115546,2.05397540167435,0.013962634224014,78.1266999513683,17.6023472093838,,3.57622137137621,1957291.70671949,8585001.94976759,1717661743.39945
0.136063197799197,2.0558154672898,0.019198622188057,78.1266986089503,17.6023500294753,,3.57735154394863,1957292.02029935,8585001.76954339,1717661743.49965
0.061414035918995,2.05836041235471,0.022689279443689,78.1266972529942,17.602352856654,,3.58744561671361,1957292.33466728,8585001.58774934,1717661743.59984
0.038577382491288,2.06273137983779,0.034906585039887,78.1266959014137,17.6023556930879,,3.58710119292467,1957292.65006434,8585001.40632874,1717661743.70006
0.096054483755051,2.06851997624525,0.043633231299858,78.1266945410049,17.6023585310987,,3.58835008791114,1957292.96563674,8585001.22391974,1717661743.80026
0.008959755668175,2.07564076771483,0.066322510743547,78.1266931629244,17.6023613716915,,3.59578104990115,1957293.28149625,8585001.03953892,1717661743.90047
-0.10243088219341,2.08577794598448,0.078539816339745,78.1266917604714,17.602364175669,,3.58272438709457,1957293.59328433,8585000.85290464,1717661744.00064
0.022644556911836,2.0978641156539,0.101229099944622,78.1266902790876,17.602366799759,,3.57029565938633,1957293.88506981,8585000.6596836,1717661744.10083
-0.055639345653715,2.11211204079406,0.113446401379631,78.1266887606409,17.602369397512,,3.54954149530148,1957294.17392677,8585000.46269537,1717661744.20104
-0.148840850231755,2.1290003931305,0.132645021487093,78.1266872019251,17.6023719656927,,3.52902236504978,1957294.45949543,8585000.26162517,1717661744.30124
-0.114334468957582,2.14695504277031,0.143116995334584,78.1266855809642,17.6023744862419,,3.50131353453474,1957294.73976772,8585000.05426763,1717661744.40144
-0.105792587184333,2.16683372639021,0.162315623764424,78.1266839129991,17.6023769648079,,3.47718061259914,1957295.01537168,8584999.84223198,1717661744.50165
0.051488280506446,2.18950848652202,0.174532925199433,78.1266822064982,17.6023794101694,,3.46289942552607,1957295.28728348,8584999.62634697,1717661744.60185
-0.40132744417849,2.21460766937958,0.197222208804311,78.1266804540393,17.6023818191489,,3.43391609437441,1957295.55514978,8584999.40583383,1717661744.70206
-0.108394880910123,2.24257649537746,0.20943951023932,78.126678669242,17.6023841756972,,3.39621130490849,1957295.817186,8584999.18237535,1717661744.80229
0.027108302552727,2.27211123831254,0.223402147584226,78.1266768287826,17.6023864790608,,3.38022973536697,1957296.07330834,8584998.95341732,1717661744.90249
-0.072215897936392,2.30147517150406,0.226892802759263,78.1266748796774,17.6023886725875,,3.36475671841923,1957296.31721738,8584998.71379473,1717661745.00267
-0.107482374751687,2.33165819301387,0.22863813866916,78.1266727903537,17.6023907047709,,3.34490258728501,1957296.54318586,8584998.46063566,1717661745.10287
-0.01616369997597,2.36246245081533,0.22863813866916,78.1266706254322,17.6023926614897,,3.3319710849101,1957296.76076307,8584998.20004483,1717661745.20307
0.112353649058323,2.39333587341109,0.226892802759263,78.1266683821096,17.6023945477824,,3.32911566073166,1957296.97050924,8584997.93165576,1717661745.30327
0.074763573722388,2.4234721041364,0.221656811674328,78.1266660683753,17.6023963737956,,3.32516614128175,1957297.17355265,8584997.65622866,1717661745.40349
0.641570150582801,2.45200437976933,0.202458199889245,78.1266637030226,17.6023981414205,,3.31700095257246,1957297.37010356,8584997.37580673,1717661745.50368
0.462931525090325,2.47792952573219,0.185004907369302,78.1266612752289,17.6023998595276,,3.32798269744658,1957297.56114836,8584997.08909781,1717661745.60387
0.392526025719862,2.50138565863788,0.144862331244481,78.1266587874115,17.6024015250837,,3.34014214111704,1957297.74634976,8584996.79640272,1717661745.70405
0.254104973404253,2.51909995952659,0.122173047639603,78.1266562240225,17.6024031209806,,3.34330796278379,1957297.92380539,8584996.49621141,1717661745.80425
0.199873620760432,2.53182641798295,0.080285143927264,78.1266536006487,17.6024046470072,,3.33862100299739,1957298.0934918,8584996.19023909,1717661745.90448
0.159906982474869,2.54119395457065,0.057595864483575,78.1266509630208,17.6024061390535,,3.34900334211193,1957298.25939979,8584995.88309461,1717661746.00467
-0.025536908530026,2.54708989669724,0.02094395185617,78.1266483817253,17.6024076406985,,3.34370595598964,1957298.42637509,8584995.58202891,1717661746.10485
0.040827867549914,2.5495308047012,0.006981317112007,78.126645801591,17.6024091371775,,3.33729555163703,1957298.59277596,8584995.28115074,1717661746.20507
-0.0526271165367,2.5489105263162,-0.02094395185617,78.1266432146226,17.60241061814,,3.32683591550816,1957298.75745148,8584994.97970158,1717661746.30528
0.032210655958551,2.54561468625354,-0.033161255371773,78.1266406282361,17.6024120760212,,3.31187209591884,1957298.91956047,8584994.67858409,1717661746.40546
-0.17984741525842,2.53958512388015,-0.055850536896056,78.1266380409817,17.6024135258817,,3.30233695084894,1957299.08077761,8584994.37746427,1717661746.50565
0.04930959700639,2.53092774461892,-0.069813170079773,78.126635459669,17.6024149695541,,3.29165756860991,1957299.24130665,8584994.07706914,1717661746.60586
-0.065579322625301,2.52077535071172,-0.092502453684651,78.12663289664,17.6024164317823,,3.28451689341375,1957299.40389901,8584993.77846789,1717661746.70606
-0.332772275144627,2.50928932467138,-0.10471975511966,78.1266303801288,17.6024179396994,,3.26186247294615,1957299.57157174,8584993.4844483,1717661746.80625
-0.145187145021341,2.49534200891905,-0.120427720052084,78.1266279000441,17.602419467044,,3.24375568511651,1957299.74140472,8584993.1942061,1717661746.90647
-0.254931742277878,2.47878988033735,-0.132645021487093,78.1266254692535,17.6024211140884,,3.22213937850473,1957299.9245477,8584992.90799216,1717661747.00668
-0.341597932842851,2.46046190717826,-0.162315623764424,78.1266231320103,17.6024231099727,,3.20425578761225,1957300.1464799,8584992.62801134,1717661747.10686
-0.284597412189439,2.43977555703474,-0.17802358037447,78.1266208428695,17.6024251337807,,3.18942802889564,1957300.37151708,8584992.35299236,1717661747.20709
-0.218645367612737,2.41516304386647,-0.204203519154385,78.1266185964244,17.602427175055,,3.16796056237284,1957300.59849642,8584992.08246244,1717661747.30727
-0.222825801908183,2.38869827497791,-0.212930165414357,78.1266164164616,17.6024292626515,,3.15130665955281,1957300.83062656,8584991.81870064,1717661747.40747
-0.301935680015048,2.36121930283975,-0.2303834579343,78.1266143117242,17.6024314045556,,3.13591761123301,1957301.06879543,8584991.56257508,1717661747.50766
-0.495607481690257,2.33156925198442,-0.239110104194272,78.1266122754356,17.6024335804677,,3.10351945529024,1957301.31074582,8584991.31357658,1717661747.60787
-0.204734394626648,2.30061992785864,-0.254818077449075,78.1266103146623,17.6024357962178,,3.0905224104885,1957301.55712599,8584991.07241403,1717661747.70805
-0.233936275186522,2.26845500138291,-0.263544723709047,78.1266084331155,17.6024380644804,,3.08173786384886,1957301.80934528,8584990.83934821,1717661747.80826
-0.183283421055212,2.23516716334487,-0.277507344409196,78.1266066311921,17.6024403807642,,3.07222238992496,1957302.06690429,8584990.61447481,1717661747.90848
-0.214423211558378,2.20038569251407,-0.282743352138887,78.1266049099327,17.6024427814175,,3.06184751313173,1957302.33384476,8584990.39748659,1717661748.00869
-0.025577313554481,2.16490256369245,-0.289724662488961,78.1266029872638,17.6024459399481,,3.06412556274992,1957302.68505734,8584990.14957529,1717661748.10888
-0.088092739186474,2.12934635494267,-0.291469998398858,78.1266014839124,17.6024486344958,,3.06770999510067,1957302.98467738,8584989.95312296,1717661748.20908
0.005719194917778,2.09359053885262,-0.291469998398858,78.1266000717753,17.6024513795066,,3.07375590867073,1957303.28990865,8584989.76610841,1717661748.30925
0.085962614056386,2.05747498821751,-0.291469998398858,78.1265987375721,17.602454172295,,3.08925302660672,1957303.60045255,8584989.58710347,1717661748.40959
0.020899162285538,2.01474280271815,-0.291469998398858,78.1265975002918,17.6024570187235,,3.09807104010296,1957303.91696096,8584989.41812676,1717661748.50981
0.088615726849312,1.97934831920713,-0.289724662488961,78.1265963573172,17.602459911473,,3.11089929967798,1957304.23862003,8584989.25897559,1717661748.61001
0.104924726204342,1.94414436722093,-0.28099801622899,78.1265953106134,17.6024628466281,,3.12267337917035,1957304.56499438,8584989.10991129,1717661748.71021
0.139483699310592,1.90993759493791,-0.263544723709047,78.1265943560111,17.6024658285731,,3.14596355199676,1957304.89657153,8584988.97042487,1717661748.8104
0.193121769556933,1.87773916940345,-0.256563396714215,78.1265935016628,17.6024688580203,,3.17048234509086,1957305.2334307,8584988.84140392,1717661748.91067
0.179484984464872,1.84696117327957,-0.233874113109337,78.1265927915024,17.6024719484153,,3.19281600212825,1957305.57706694,8584988.72752017,1717661749.01086
0.183007086348869,1.81790076845725,-0.223402147584226,78.1265922339486,17.6024750780977,,3.21284261016691,1957305.92507175,8584988.62994997,1717661749.11106
0.116624727695975,1.79132651262113,-0.195476872894414,78.126591762652,17.6024782421065,,3.23145980504059,1957306.27689347,8584988.54146001,1717661749.21126
0.113771650458792,1.76765248393499,-0.185004907369302,78.1265913775328,17.6024814355263,,3.24851235137454,1957306.63198555,8584988.46209855,1717661749.31145
0.124782134671569,1.74633332653409,-0.158824968589387,78.1265910638267,17.6024846531614,,3.26671623980205,1957306.98977025,8584988.39030345,1717661749.41163
0.156246220462572,1.72704588474352,-0.148352986419518,78.1265908119399,17.6024878923352,,3.28791964230425,1957307.34994995,8584988.32505158,1717661749.51186
0.021696434784312,1.70988805158584,-0.12566370281464,78.1265906164372,17.6024911516403,,3.30239432144932,1957307.71236814,8584988.26576198,1717661749.61205
0.036554804665921,1.69494147843946,-0.11519172896715,78.1265904792081,17.6024944269336,,3.31837301842562,1957308.07656414,8584988.21269034,1717661749.71224
0.106252902310565,1.68173754140882,-0.095993108859688,78.1265903892367,17.6024977162292,,3.33614442416113,1957308.44231712,8584988.16464921,1717661749.81245
0.063326701756776,1.67015499634976,-0.089011790187235,78.126590343252,17.6025010184635,,3.35124322166992,1957308.80950882,8584988.1212915,1717661749.91264
-0.004802193725083,1.66027754319697,-0.071558497667292,78.1265903086055,17.602504223895,,3.35893559385272,1957309.16593654,8584988.08030258,1717661750.01287
0.04075349253914,1.65155393640844,-0.064577183156028,78.1265902464552,17.6025072770045,,3.37023424105595,1957309.50542682,8584988.03805824,1717661750.1131
0.096542948474237,1.64399133973681,-0.050614549972311,78.126590209928,17.6025103426759,,3.38537304905427,1957309.84631394,8584987.99848379,1717661750.2133
0.095306841980671,1.6379070353135,-0.043633231299858,78.1265902008709,17.6025134196579,,3.39670024782817,1957310.18845872,8584987.96179671,1717661750.31349
0.065929889204447,1.632944238832,-0.03141592570366,78.1265902087108,17.6025165050662,,3.40492443465677,1957310.53154047,8584987.92686862,1717661750.41368
0.07785019294273,1.62921530239877,-0.026179938779915,78.1265902367924,17.6025195989281,,3.41495993507056,1957310.87556222,8584987.89406674,1717661750.51388
0.139745556049438,1.62692221047746,-0.012217304555901,78.1265902818777,17.6025227024032,,3.42892727185216,1957311.22065291,8584987.8630218,1717661750.61406
0.139653479483254,1.62574310018755,-0.008726646259972,78.1265903390041,17.6025258193903,,3.44427194768185,1957311.56724605,8584987.83314327,1717661750.71428
0.164452307311817,1.62523661144998,-0.003490658556004,78.1265904014897,17.6025289495301,,3.45940046895072,1957311.91530172,8584987.80370105,1717661750.81448
0.149942097332527,1.62530219605629,-0.003490658556004,78.1265904619098,17.6025320913031,,3.47187293476058,1957312.26465094,8584987.77389693,1717661750.91469
0.130127654185405,1.62520160716446,-0.003490658556004,78.1265904429486,17.6025351630206,,3.47990789090513,1957312.60621035,8584987.73618255,1717661751.01488
0.210999445546819,1.62500322957247,-0.003490658556004,78.1265903336417,17.6025381569558,,3.49446171871636,1957312.93912074,8584987.68944272,1717661751.11509
0.222862326844568,1.62497297750454,-0.003490658556004,78.1265902244373,17.6025411703644,,3.51158036291544,1957313.2741965,8584987.64248827,1717661751.21528
0.341447496780214,1.62447679688512,-0.003490658556004,78.1265901172286,17.6025442087592,,3.53892944798012,1957313.61205058,8584987.59546327,1717661751.3155
0.397334655447194,1.62405626157625,-0.003490658556004,78.126590016456,17.6025472775418,,3.5705504424822,1957313.95328364,8584987.54879303,1717661751.41572
0.366212594814746,1.62403781321355,-0.003490658556004,78.1265899228643,17.6025503830527,,3.60501322990565,1957314.2986007,8584987.50248581,1717661751.51598
0.434712757573033,1.62392263304646,-0.003490658556004,78.126589821158,17.6025535206002,,3.63608927761401,1957314.64748005,8584987.4549153,1717661751.61612
0.40441741517139,1.62379778033161,-0.003490658556004,78.1265897129228,17.6025566919232,,3.6685226541518,1957315.00011509,8584987.40623555,1717661751.71633
0.359196019050034,1.62348502216775,-0.005235987964042,78.1265896016292,17.6025599003047,,3.70513833322188,1957315.35687084,8584987.35678988,1717661751.81654
0.405217416768112,1.62301541805331,-0.005235987964042,78.1265894914817,17.6025631450552,,3.74012846584584,1957315.71767062,8584987.30704826,1717661751.91676
0.333238755042862,1.62254548360996,-0.006981317112007,78.126589393132,17.6025664196707,,3.77301363315708,1957316.08179125,8584987.25825663,1717661752.01698
0.439235667662104,1.62198526095482,-0.006981317112007,78.1265892912219,17.6025697261077,,3.81315011336905,1957316.44945027,8584987.20870462,1717661752.11721
0.392428358261442,1.6212481786776,-0.006981317112007,78.1265891819086,17.6025730691091,,3.8483474335447,1957316.82117507,8584987.15791497,1717661752.21744
0.491388477956471,1.62018739768065,-0.006981317112007,78.1265890662318,17.6025764516179,,3.89263876327169,1957317.19729289,8584987.10596778,1717661752.31764
0.331276029315478,1.61917160453502,-0.006981317112007,78.1265889495844,17.6025798725336,,3.92505589335923,1957317.57768136,8584987.05346843,1717661752.41781
0.291173420148966,1.61838497467923,-0.006981317112007,78.1265888435648,17.6025833264585,,3.95537593583029,1957317.96174029,8584987.00175402,1717661752.518
0.398699831379906,1.61807564826212,-0.008726646259972,78.1265887590185,17.6025868132923,,3.99254603500681,1957318.34945851,8584986.95201747,1717661752.61819
0.416722451320807,1.61739395835221,-0.008726646259972,78.1265886713267,17.6025903365406,,4.02859647526201,1957318.74122585,8584986.90151287,1717661752.71838
0.331580902627156,1.61585265059141,-0.008726646259972,78.1265885669042,17.6025938928525,,4.05859765454358,1957319.13666969,8584986.84878627,1717661752.81865
0.41355806661395,1.61454265704822,-0.008726646259972,78.1265884758543,17.6025974815773,,4.09352776522702,1957319.53571768,8584986.79715314,1717661752.91893
0.340229312937386,1.61379922319646,-0.006981317112007,78.1265883837515,17.6026011160577,,4.12977908981735,1957319.93985346,8584986.74487356,1717661753.01909
0.266111652176644,1.61356235305501,-0.005235987964042,78.1265883141935,17.6026048048092,,4.15992856901053,1957320.35002392,8584986.69444179,1717661753.11931
0.222167017647666,1.61348658739669,-0.001745329278002,78.1265882485108,17.6026085181719,,4.17946659778915,1957320.76293101,8584986.64415036,1717661753.2195
-0.12530423471705,1.61319321438808,-0.001745329278002,78.126588173547,17.6026122463686,,4.18194364106596,1957321.17748756,8584986.59266699,1717661753.31968
-0.488911332181801,1.61328399659526,-0.001745329278002,78.1265881046138,17.6026159653907,,4.15557550820236,1957321.59102396,8584986.54195272,1717661753.41986
-0.418855135905168,1.61372808268075,-0.001745329278002,78.126588042239,17.6026196458493,,4.10528450154385,1957322.00027228,8584986.49240644,1717661753.52007
-0.266862176717884,1.61361703173463,-0.001745329278002,78.1265879669091,17.6026233002139,,4.0889869201262,1957322.40661909,8584986.44173925,1717661753.62027
-0.253522640756676,1.61365460311964,-0.001745329278002,78.1265878999896,17.6026269301022,,4.05598572293241,1957322.81024425,8584986.39228015,1717661753.72047
-0.342971893050092,1.61362851139524,0,78.1265878270737,17.6026305397068,,4.03490501984307,1957323.21161396,8584986.34239742,1717661753.82068
-0.194450784052035,1.61402081695359,0.001745329278002,78.1265877594663,17.6026341239499,,4.00393371644402,1957323.61016361,8584986.29339218,1717661753.92088
-0.237155267117484,1.61499848444683,0.001745329278002,78.1265876978077,17.6026376906728,,3.98633632950601,1957324.0067651,8584986.24524386,1717661754.02107
-0.190443083539915,1.61538150301632,0.001745329278002,78.1265876284381,17.602641241054,,3.96190920887148,1957324.40154949,8584986.19643775,1717661754.12129
-0.316912892275838,1.61562360006549,0,78.1265875595147,17.6026447733512,,3.9376584940313,1957324.79432301,8584986.14789044,1717661754.22151
-0.154888002975693,1.61602054636426,0,78.1265874860351,17.6026482810277,,3.91196695722591,1957325.18435884,8584986.09912805,1717661754.32171
-0.211618479186154,1.61645209071204,0,78.1265874094748,17.6026517679482,,3.88903864070411,1957325.57208671,8584986.0502679,1717661754.42188
-0.181398192726547,1.61695525699359,0,78.1265873415629,17.6026552352106,,3.86557659156541,1957325.9576287,8584986.0025861,1717661754.52208
-0.288539607615984,1.61710281630332,0,78.1265872702857,17.6026586844052,,3.84165708792586,1957326.34116164,8584985.95474407,1717661754.62229
-0.322133826819134,1.61720364839954,0,78.1265872044617,17.6026621088781,,3.80816605796495,1957326.72194566,8584985.90778804,1717661754.72251
-0.479869489698439,1.61738372597442,0,78.126587134201,17.6026654979247,,3.7618131780092,1957327.09879044,8584985.8607554,1717661754.82273
-0.525283673211146,1.61749862325603,0,78.1265870604631,17.6026688423834,,3.70887717584624,1957327.47067728,8584985.81385786,1717661754.92295
-0.623737648202049,1.61758122068119,0,78.126586979996,17.6026721353559,,3.64934894283858,1957327.83683912,8584985.7668181,1717661755.0231
-0.686494633018204,1.617807687198,0,78.1265869074034,17.6026753760845,,3.58698040325264,1957328.1971917,8584985.72124965,1717661755.12328
-0.872970091867872,1.61800388763507,0,78.1265868394143,17.6026785509666,,3.50232721848704,1957328.55022248,8584985.67695084,1717661755.22348
-1.18437764350137,1.6182987343524,0,78.1265867762079,17.6026816395297,,3.39182087704241,1957328.89365503,8584985.63417886,1717661755.32368
-1.32075740148382,1.61876017397329,0,78.1265867202779,17.602684618719,,3.25991734207133,1957329.22492577,8584985.59347515,1717661755.42387
-1.28541143201583,1.61903237007125,0,78.1265866616827,17.6026874775476,,3.12601064692041,1957329.542813,8584985.55387471,1717661755.52408
-1.31474236660356,1.61888234008076,0,78.1265865943837,17.6026902163465,,2.99387845738334,1957329.84735354,8584985.51471018,1717661755.62429
-1.3871813639965,1.61875720972809,0,78.126586523035,17.6026928338162,,2.85634175460093,1957330.13840289,8584985.476508,1717661755.72453
-1.38240814158025,1.61897697924537,0,78.1265864584939,17.6026953273492,,2.71618421142715,1957330.41567111,8584985.44049153,1717661755.82473
-1.44692854613643,1.61931273678217,0,78.1265863977371,17.6026976949639,,2.57474556232749,1957330.67893785,8584985.40635151,1717661755.92492
-1.53354308029898,1.61937922300665,0,78.1265863439066,17.6026999340019,,2.42527648770434,1957330.92790752,8584985.37446404,1717661756.02512
-1.56198619889456,1.61962284559828,0,78.1265862971763,17.6027020372871,,2.26798331601846,1957331.16178217,8584985.34493148,1717661756.12533
-1.54361222111442,1.61981501930598,0,78.1265862468843,17.6027039984827,,2.11079711523293,1957331.37985717,8584985.31665574,1717661756.22554
-1.47527016979938,1.61971801899062,0,78.1265861973491,17.6027058223804,,1.96327309765679,1957331.58266534,8584985.29005578,1717661756.32575
-1.53796818028842,1.61957991878989,0,78.1265861478857,17.6027075120685,,1.81255452747828,1957331.77055008,8584985.26502049,1717661756.42596
-1.60812475352848,1.61971647004724,0,78.1265861083095,17.6027090610821,,1.65135734959654,1957331.94279253,8584985.24270347,1717661756.52617
-1.60584048121749,1.61966100743282,0,78.1265860625839,17.6027104616839,,1.4840334396168,1957332.09853235,8584985.22143225,1717661756.62634
-1.74029424609718,1.61982000642974,0,78.1265860211055,17.602711710751,,1.3132724098783,1957332.23742227,8584985.2023855,1717661756.72654
-1.60228437108918,1.61984827042255,0,78.1265859854844,17.6027128049213,,1.1451222433589,1957332.35908846,8584985.18577915,1717661756.82672
-1.63427263310456,1.61995765796974,0,78.1265859544649,17.6027137518644,,0.981675605228795,1957332.46438373,8584985.17138624,1717661756.92692
-1.50190090508722,1.62028907781062,0,78.126585932432,17.6027145561374,,0.828131831612633,1957332.55381481,8584985.15963577,1717661757.0271
-1.59137919590946,1.62051330569802,0,78.1265859135806,17.6027152233377,,0.670835647092385,1957332.62800409,8584985.14982492,1717661757.12728
-1.60832734556873,1.62034212960249,0,78.1265858921077,17.6027157478499,,0.511291446804006,1957332.68632719,8584985.14138114,1717661757.22748
-1.70565519919291,1.62020839362535,0,78.1265858712954,17.6027161231523,,0.340597231808766,1957332.72805891,8584985.13474075,1717661757.32769
-1.77552977427233,1.62045529122599,0,78.1265858620401,17.6027163435442,,0.167066084858318,1957332.75256538,8584985.13116724,1717661757.42791
-1.72164568784155,1.62049426198178,0,78.1265858523946,17.6027164035604,,0.013492680060974,1957332.75923887,8584985.12941116,1717661757.52821
0.276834958494022,1.62030542121636,0,78.1265858439865,17.6027163395581,,0.07492383236009,1957332.75212214,8584985.12922964,1717661757.62839
0.743378602179393,1.62037536350441,0,78.1265858358979,17.6027163031795,,0.010959125792235,1957332.74807702,8584985.1287628,1717661757.7286
-0.255713154098515,1.62032781390771,0,78.1265858238742,17.6027163076264,,0.014263608306542,1957332.7485715,8584985.12738999,1717661757.82881
-0.001946031399277,1.62014496737914,0,78.1265858126679,17.6027162924289,,0.01533060248528,1957332.74688161,8584985.12633487,1717661757.92902
